[
    {
        "pk": 17, 
        "model": "contenttypes.contenttype", 
        "fields": {
            "model": "competitionnews", 
            "name": "actualit\u00e9 concours", 
            "app_label": "concours"
        }
    }, 
    {
        "pk": 18, 
        "model": "contenttypes.contenttype", 
        "fields": {
            "model": "candidate", 
            "name": "candidat", 
            "app_label": "concours"
        }
    }, 
    {
        "pk": 36, 
        "model": "contenttypes.contenttype", 
        "fields": {
            "model": "candidate", 
            "name": "candidate", 
            "app_label": "concours_ircam1"
        }
    }, 
    {
        "pk": 37, 
        "model": "contenttypes.contenttype", 
        "fields": {
            "model": "candidate", 
            "name": "candidate", 
            "app_label": "cursus1"
        }
    }, 
    {
        "pk": 40, 
        "model": "contenttypes.contenttype", 
        "fields": {
            "model": "candidatecursus1", 
            "name": "candidate cursus1", 
            "app_label": "concours"
        }
    }, 
    {
        "pk": 43, 
        "model": "contenttypes.contenttype", 
        "fields": {
            "model": "candidateresidence", 
            "name": "candidate residence", 
            "app_label": "concours"
        }
    }, 
    {
        "pk": 9, 
        "model": "contenttypes.contenttype", 
        "fields": {
            "model": "composer", 
            "name": "compositeur", 
            "app_label": "compositeurs"
        }
    }, 
    {
        "pk": 14, 
        "model": "contenttypes.contenttype", 
        "fields": {
            "model": "competition", 
            "name": "concours", 
            "app_label": "concours"
        }
    }, 
    {
        "pk": 5, 
        "model": "contenttypes.contenttype", 
        "fields": {
            "model": "contenttype", 
            "name": "content type", 
            "app_label": "contenttypes"
        }
    }, 
    {
        "pk": 49, 
        "model": "contenttypes.contenttype", 
        "fields": {
            "model": "administrativedocument", 
            "name": "document administratif", 
            "app_label": "compositeurs"
        }
    }, 
    {
        "pk": 11, 
        "model": "contenttypes.contenttype", 
        "fields": {
            "model": "biographicelement", 
            "name": "\u00e9l\u00e9ment biographique", 
            "app_label": "compositeurs"
        }
    }, 
    {
        "pk": 16, 
        "model": "contenttypes.contenttype", 
        "fields": {
            "model": "competitionstep", 
            "name": "\u00e9tape du concours", 
            "app_label": "concours"
        }
    }, 
    {
        "pk": 21, 
        "model": "contenttypes.contenttype", 
        "fields": {
            "model": "evaluation", 
            "name": "\u00e9valuation", 
            "app_label": "concours"
        }
    }, 
    {
        "pk": 42, 
        "model": "contenttypes.contenttype", 
        "fields": {
            "model": "evaluationcursus1jury", 
            "name": "\u00e9valuation \u00e9tape 'jury'", 
            "app_label": "concours"
        }
    }, 
    {
        "pk": 44, 
        "model": "contenttypes.contenttype", 
        "fields": {
            "model": "evaluationresidencejury", 
            "name": "\u00e9valuation \u00e9tape 'jury'", 
            "app_label": "concours"
        }
    }, 
    {
        "pk": 45, 
        "model": "contenttypes.contenttype", 
        "fields": {
            "model": "evaluationresidencepostjury", 
            "name": "\u00e9valuation \u00e9tape 'post-jury'", 
            "app_label": "concours"
        }
    }, 
    {
        "pk": 41, 
        "model": "contenttypes.contenttype", 
        "fields": {
            "model": "evaluationcursus1prejury", 
            "name": "\u00e9valuation \u00e9tape 'pr\u00e9-jury'", 
            "app_label": "concours"
        }
    }, 
    {
        "pk": 47, 
        "model": "contenttypes.contenttype", 
        "fields": {
            "model": "evaluationlevel", 
            "name": "evaluation level", 
            "app_label": "residence"
        }
    }, 
    {
        "pk": 15, 
        "model": "contenttypes.contenttype", 
        "fields": {
            "model": "competitionmanager", 
            "name": "gestionnaire de concours", 
            "app_label": "concours"
        }
    }, 
    {
        "pk": 2, 
        "model": "contenttypes.contenttype", 
        "fields": {
            "model": "group", 
            "name": "group", 
            "app_label": "auth"
        }
    }, 
    {
        "pk": 19, 
        "model": "contenttypes.contenttype", 
        "fields": {
            "model": "candidategroup", 
            "name": "groupe de candidat", 
            "app_label": "concours"
        }
    }, 
    {
        "pk": 20, 
        "model": "contenttypes.contenttype", 
        "fields": {
            "model": "jurymembergroup", 
            "name": "groupe de membres du jury", 
            "app_label": "concours"
        }
    }, 
    {
        "pk": 32, 
        "model": "contenttypes.contenttype", 
        "fields": {
            "model": "jury", 
            "name": "jury", 
            "app_label": "jury"
        }
    }, 
    {
        "pk": 8, 
        "model": "contenttypes.contenttype", 
        "fields": {
            "model": "logentry", 
            "name": "log entry", 
            "app_label": "admin"
        }
    }, 
    {
        "pk": 31, 
        "model": "contenttypes.contenttype", 
        "fields": {
            "model": "jurymember", 
            "name": "membre du jury", 
            "app_label": "concours"
        }
    }, 
    {
        "pk": 4, 
        "model": "contenttypes.contenttype", 
        "fields": {
            "model": "message", 
            "name": "message", 
            "app_label": "auth"
        }
    }, 
    {
        "pk": 26, 
        "model": "contenttypes.contenttype", 
        "fields": {
            "model": "migrationhistory", 
            "name": "migration history", 
            "app_label": "south"
        }
    }, 
    {
        "pk": 23, 
        "model": "contenttypes.contenttype", 
        "fields": {
            "model": "citizenship", 
            "name": "nationalit\u00e9", 
            "app_label": "reference"
        }
    }, 
    {
        "pk": 48, 
        "model": "contenttypes.contenttype", 
        "fields": {
            "model": "work", 
            "name": "oeuvre", 
            "app_label": "compositeurs"
        }
    }, 
    {
        "pk": 22, 
        "model": "contenttypes.contenttype", 
        "fields": {
            "model": "partner", 
            "name": "partenaire", 
            "app_label": "partenaires"
        }
    }, 
    {
        "pk": 1, 
        "model": "contenttypes.contenttype", 
        "fields": {
            "model": "permission", 
            "name": "permission", 
            "app_label": "auth"
        }
    }, 
    {
        "pk": 6, 
        "model": "contenttypes.contenttype", 
        "fields": {
            "model": "session", 
            "name": "session", 
            "app_label": "sessions"
        }
    }, 
    {
        "pk": 7, 
        "model": "contenttypes.contenttype", 
        "fields": {
            "model": "site", 
            "name": "site", 
            "app_label": "sites"
        }
    }, 
    {
        "pk": 46, 
        "model": "contenttypes.contenttype", 
        "fields": {
            "model": "projecttopicarea", 
            "name": "topic area", 
            "app_label": "residence"
        }
    }, 
    {
        "pk": 27, 
        "model": "contenttypes.contenttype", 
        "fields": {
            "model": "biographicelementtype", 
            "name": "type d'\u00e9l\u00e9ment biographique", 
            "app_label": "reference"
        }
    }, 
    {
        "pk": 24, 
        "model": "contenttypes.contenttype", 
        "fields": {
            "model": "mediatype", 
            "name": "type de m\u00e9dia", 
            "app_label": "reference"
        }
    }, 
    {
        "pk": 3, 
        "model": "contenttypes.contenttype", 
        "fields": {
            "model": "user", 
            "name": "user", 
            "app_label": "auth"
        }
    }, 
    {
        "pk": "38c166166ba8d580a3be538d62759aee", 
        "model": "sessions.session", 
        "fields": {
            "expire_date": "2011-04-20 11:01:36", 
            "session_data": "ZjViNGRjYmI2Nzc4M2Q4YTA5YWEwMmYyNjI3YzEyMWEwMThjODM4OTqAAn1xAShVEl9hdXRoX3Vz\nZXJfYmFja2VuZHECVSlkamFuZ28uY29udHJpYi5hdXRoLmJhY2tlbmRzLk1vZGVsQmFja2VuZHED\nVQ1fYXV0aF91c2VyX2lkcQSKAQF1Lg==\n"
        }
    }, 
    {
        "pk": "b61a80313d2a18d20b46a59fedc19bcd", 
        "model": "sessions.session", 
        "fields": {
            "expire_date": "2011-04-20 19:00:36", 
            "session_data": "ZjViNGRjYmI2Nzc4M2Q4YTA5YWEwMmYyNjI3YzEyMWEwMThjODM4OTqAAn1xAShVEl9hdXRoX3Vz\nZXJfYmFja2VuZHECVSlkamFuZ28uY29udHJpYi5hdXRoLmJhY2tlbmRzLk1vZGVsQmFja2VuZHED\nVQ1fYXV0aF91c2VyX2lkcQSKAQF1Lg==\n"
        }
    }, 
    {
        "pk": 1, 
        "model": "sites.site", 
        "fields": {
            "domain": "example.com", 
            "name": "example.com"
        }
    }, 
    {
        "pk": 194, 
        "model": "admin.logentry", 
        "fields": {
            "action_flag": 2, 
            "action_time": "2011-04-06 21:59:15", 
            "object_repr": "Ensemble Intercontemporain", 
            "object_id": "2", 
            "change_message": "Modifi\u00e9 url.", 
            "user": 1, 
            "content_type": 22
        }
    }, 
    {
        "pk": 193, 
        "model": "admin.logentry", 
        "fields": {
            "action_flag": 2, 
            "action_time": "2011-04-06 21:59:11", 
            "object_repr": "IRCAM", 
            "object_id": "1", 
            "change_message": "Modifi\u00e9 url.", 
            "user": 1, 
            "content_type": 22
        }
    }, 
    {
        "pk": 192, 
        "model": "admin.logentry", 
        "fields": {
            "action_flag": 1, 
            "action_time": "2011-04-06 21:54:16", 
            "object_repr": "am\u00e9ricaine", 
            "object_id": "2", 
            "change_message": "", 
            "user": 1, 
            "content_type": 23
        }
    }, 
    {
        "pk": 191, 
        "model": "admin.logentry", 
        "fields": {
            "action_flag": 1, 
            "action_time": "2011-04-06 21:54:11", 
            "object_repr": "fran\u00e7aise", 
            "object_id": "1", 
            "change_message": "", 
            "user": 1, 
            "content_type": 23
        }
    }, 
    {
        "pk": 190, 
        "model": "admin.logentry", 
        "fields": {
            "action_flag": 1, 
            "action_time": "2011-04-06 18:55:48", 
            "object_repr": "CandidateGroup object", 
            "object_id": "1", 
            "change_message": "", 
            "user": 1, 
            "content_type": 19
        }
    }, 
    {
        "pk": 189, 
        "model": "admin.logentry", 
        "fields": {
            "action_flag": 1, 
            "action_time": "2011-04-06 18:51:24", 
            "object_repr": "EvaluationCursus1PreJury object", 
            "object_id": "6", 
            "change_message": "", 
            "user": 1, 
            "content_type": 41
        }
    }, 
    {
        "pk": 188, 
        "model": "admin.logentry", 
        "fields": {
            "action_flag": 1, 
            "action_time": "2011-04-06 18:50:53", 
            "object_repr": "EvaluationCursus1PreJury object", 
            "object_id": "5", 
            "change_message": "", 
            "user": 1, 
            "content_type": 41
        }
    }, 
    {
        "pk": 187, 
        "model": "admin.logentry", 
        "fields": {
            "action_flag": 1, 
            "action_time": "2011-04-06 18:50:35", 
            "object_repr": "EvaluationCursus1PreJury object", 
            "object_id": "4", 
            "change_message": "", 
            "user": 1, 
            "content_type": 41
        }
    }, 
    {
        "pk": 186, 
        "model": "admin.logentry", 
        "fields": {
            "action_flag": 1, 
            "action_time": "2011-04-06 18:50:14", 
            "object_repr": "EvaluationCursus1PreJury object", 
            "object_id": "3", 
            "change_message": "", 
            "user": 1, 
            "content_type": 41
        }
    }, 
    {
        "pk": 185, 
        "model": "admin.logentry", 
        "fields": {
            "action_flag": 1, 
            "action_time": "2011-04-06 18:47:37", 
            "object_repr": "EvaluationCursus1PreJury object", 
            "object_id": "2", 
            "change_message": "", 
            "user": 1, 
            "content_type": 41
        }
    }, 
    {
        "pk": 184, 
        "model": "admin.logentry", 
        "fields": {
            "action_flag": 1, 
            "action_time": "2011-04-06 18:41:07", 
            "object_repr": "Andreyev, Samuel [candidat 'Ircam - Cursus 1 (2011)']", 
            "object_id": "8", 
            "change_message": "", 
            "user": 1, 
            "content_type": 40
        }
    }, 
    {
        "pk": 183, 
        "model": "admin.logentry", 
        "fields": {
            "action_flag": 1, 
            "action_time": "2011-04-06 18:41:02", 
            "object_repr": "Samuel Andreyev : Situation temporaire", 
            "object_id": "4", 
            "change_message": "", 
            "user": 1, 
            "content_type": 48
        }
    }, 
    {
        "pk": 182, 
        "model": "admin.logentry", 
        "fields": {
            "action_flag": 1, 
            "action_time": "2011-04-06 18:40:05", 
            "object_repr": "Samuel Andreyev : Star in the Dice", 
            "object_id": "3", 
            "change_message": "", 
            "user": 1, 
            "content_type": 48
        }
    }, 
    {
        "pk": 181, 
        "model": "admin.logentry", 
        "fields": {
            "action_flag": 2, 
            "action_time": "2011-04-06 18:38:56", 
            "object_repr": "Andreyev Samuel", 
            "object_id": "1", 
            "change_message": "document administratif \u00ab\u00a0Samuel Andreyev : Pi\u00e8ce d'identit\u00e9\u00a0\u00bb ajout\u00e9.", 
            "user": 1, 
            "content_type": 9
        }
    }, 
    {
        "pk": 180, 
        "model": "admin.logentry", 
        "fields": {
            "action_flag": 1, 
            "action_time": "2011-04-06 18:37:40", 
            "object_repr": "Arroyo, Juan [candidat 'Ircam - Cursus 1 (2011)']", 
            "object_id": "7", 
            "change_message": "", 
            "user": 1, 
            "content_type": 40
        }
    }, 
    {
        "pk": 179, 
        "model": "admin.logentry", 
        "fields": {
            "action_flag": 1, 
            "action_time": "2011-04-06 18:32:24", 
            "object_repr": "Juan Arroyo : Sikus", 
            "object_id": "2", 
            "change_message": "", 
            "user": 1, 
            "content_type": 48
        }
    }, 
    {
        "pk": 178, 
        "model": "admin.logentry", 
        "fields": {
            "action_flag": 1, 
            "action_time": "2011-04-06 18:31:51", 
            "object_repr": "Juan Arroyo : A passo di gambero", 
            "object_id": "1", 
            "change_message": "", 
            "user": 1, 
            "content_type": 48
        }
    }, 
    {
        "pk": 177, 
        "model": "admin.logentry", 
        "fields": {
            "action_flag": 2, 
            "action_time": "2011-04-06 18:30:08", 
            "object_repr": "Arroyo Juan", 
            "object_id": "2", 
            "change_message": "document administratif \u00ab\u00a0Pi\u00e8ce d'identit\u00e9\u00a0\u00bb ajout\u00e9.", 
            "user": 1, 
            "content_type": 9
        }
    }, 
    {
        "pk": 176, 
        "model": "admin.logentry", 
        "fields": {
            "action_flag": 1, 
            "action_time": "2011-04-06 18:01:38", 
            "object_repr": "EvaluationCursus1PreJury object", 
            "object_id": "1", 
            "change_message": "", 
            "user": 1, 
            "content_type": 41
        }
    }, 
    {
        "pk": 175, 
        "model": "admin.logentry", 
        "fields": {
            "action_flag": 2, 
            "action_time": "2011-04-06 17:49:51", 
            "object_repr": "CompetitionNews object", 
            "object_id": "1", 
            "change_message": "Modifi\u00e9 title et text.", 
            "user": 1, 
            "content_type": 17
        }
    }, 
    {
        "pk": 174, 
        "model": "admin.logentry", 
        "fields": {
            "action_flag": 1, 
            "action_time": "2011-04-06 17:49:13", 
            "object_repr": "CompetitionNews object", 
            "object_id": "1", 
            "change_message": "", 
            "user": 1, 
            "content_type": 17
        }
    }, 
    {
        "pk": 173, 
        "model": "admin.logentry", 
        "fields": {
            "action_flag": 2, 
            "action_time": "2011-04-06 17:33:31", 
            "object_repr": "Ircam - Cursus 1 (2011)", 
            "object_id": "1", 
            "change_message": "Modifi\u00e9 url.", 
            "user": 1, 
            "content_type": 14
        }
    }, 
    {
        "pk": 172, 
        "model": "admin.logentry", 
        "fields": {
            "action_flag": 2, 
            "action_time": "2011-04-06 17:33:07", 
            "object_repr": "IRCAM - R\u00e9sidence Musicale (2011)", 
            "object_id": "2", 
            "change_message": "Modifi\u00e9 url.", 
            "user": 1, 
            "content_type": 14
        }
    }, 
    {
        "pk": 171, 
        "model": "admin.logentry", 
        "fields": {
            "action_flag": 1, 
            "action_time": "2011-04-06 11:47:42", 
            "object_repr": "Andreyev, Samuel [candidat 'IRCAM - R\u00e9sidence Musicale (2011)']", 
            "object_id": "3", 
            "change_message": "", 
            "user": 1, 
            "content_type": 43
        }
    }, 
    {
        "pk": 170, 
        "model": "admin.logentry", 
        "fields": {
            "action_flag": 1, 
            "action_time": "2011-04-06 11:38:56", 
            "object_repr": "ProjectTopicArea object", 
            "object_id": "1", 
            "change_message": "", 
            "user": 1, 
            "content_type": 46
        }
    }, 
    {
        "pk": 169, 
        "model": "admin.logentry", 
        "fields": {
            "action_flag": 1, 
            "action_time": "2011-04-06 11:36:05", 
            "object_repr": "EvaluationLevel object", 
            "object_id": "5", 
            "change_message": "", 
            "user": 1, 
            "content_type": 47
        }
    }, 
    {
        "pk": 168, 
        "model": "admin.logentry", 
        "fields": {
            "action_flag": 1, 
            "action_time": "2011-04-06 11:35:59", 
            "object_repr": "EvaluationLevel object", 
            "object_id": "4", 
            "change_message": "", 
            "user": 1, 
            "content_type": 47
        }
    }, 
    {
        "pk": 167, 
        "model": "admin.logentry", 
        "fields": {
            "action_flag": 1, 
            "action_time": "2011-04-06 11:35:53", 
            "object_repr": "EvaluationLevel object", 
            "object_id": "3", 
            "change_message": "", 
            "user": 1, 
            "content_type": 47
        }
    }, 
    {
        "pk": 166, 
        "model": "admin.logentry", 
        "fields": {
            "action_flag": 1, 
            "action_time": "2011-04-06 11:35:39", 
            "object_repr": "EvaluationLevel object", 
            "object_id": "2", 
            "change_message": "", 
            "user": 1, 
            "content_type": 47
        }
    }, 
    {
        "pk": 165, 
        "model": "admin.logentry", 
        "fields": {
            "action_flag": 1, 
            "action_time": "2011-04-06 11:35:33", 
            "object_repr": "EvaluationLevel object", 
            "object_id": "1", 
            "change_message": "", 
            "user": 1, 
            "content_type": 47
        }
    }, 
    {
        "pk": 164, 
        "model": "admin.logentry", 
        "fields": {
            "action_flag": 1, 
            "action_time": "2011-04-06 11:29:46", 
            "object_repr": "Arroyo, Juan [candidat 'IRCAM - R\u00e9sidence Musicale (2011)']", 
            "object_id": "2", 
            "change_message": "", 
            "user": 1, 
            "content_type": 40
        }
    }, 
    {
        "pk": 163, 
        "model": "admin.logentry", 
        "fields": {
            "action_flag": 1, 
            "action_time": "2011-04-06 11:29:30", 
            "object_repr": "Andreyev, Samuel [candidat 'Ircam - Cursus 1 (2011)']", 
            "object_id": "1", 
            "change_message": "", 
            "user": 1, 
            "content_type": 40
        }
    }, 
    {
        "pk": 162, 
        "model": "admin.logentry", 
        "fields": {
            "action_flag": 2, 
            "action_time": "2011-04-05 17:10:54", 
            "object_repr": "IRCAM - R\u00e9sidence Musicale (2011)", 
            "object_id": "2", 
            "change_message": "Modifi\u00e9 url.", 
            "user": 1, 
            "content_type": 14
        }
    }, 
    {
        "pk": 161, 
        "model": "admin.logentry", 
        "fields": {
            "action_flag": 2, 
            "action_time": "2011-04-05 17:10:42", 
            "object_repr": "Ircam - Cursus 1 (2011)", 
            "object_id": "1", 
            "change_message": "Modifi\u00e9 url.", 
            "user": 1, 
            "content_type": 14
        }
    }, 
    {
        "pk": 160, 
        "model": "admin.logentry", 
        "fields": {
            "action_flag": 2, 
            "action_time": "2011-04-05 17:10:16", 
            "object_repr": "IRCAM - R\u00e9sidence Musicale (2011)", 
            "object_id": "2", 
            "change_message": "Modifi\u00e9 url.", 
            "user": 1, 
            "content_type": 14
        }
    }, 
    {
        "pk": 159, 
        "model": "admin.logentry", 
        "fields": {
            "action_flag": 2, 
            "action_time": "2011-04-05 16:15:39", 
            "object_repr": "Andreyev, Samuel [candidat 'IRCAM - R\u00e9sidence Musicale (2011)']", 
            "object_id": "1", 
            "change_message": "Modifi\u00e9 competition.", 
            "user": 1, 
            "content_type": 18
        }
    }, 
    {
        "pk": 158, 
        "model": "admin.logentry", 
        "fields": {
            "action_flag": 1, 
            "action_time": "2011-04-05 13:43:27", 
            "object_repr": "CandidateGroup object", 
            "object_id": "2", 
            "change_message": "", 
            "user": 1, 
            "content_type": 19
        }
    }, 
    {
        "pk": 157, 
        "model": "admin.logentry", 
        "fields": {
            "action_flag": 1, 
            "action_time": "2011-04-05 13:43:04", 
            "object_repr": "CandidateGroup object", 
            "object_id": "1", 
            "change_message": "", 
            "user": 1, 
            "content_type": 19
        }
    }, 
    {
        "pk": 156, 
        "model": "admin.logentry", 
        "fields": {
            "action_flag": 1, 
            "action_time": "2011-04-05 13:42:13", 
            "object_repr": "CompetitionManager object", 
            "object_id": "2", 
            "change_message": "", 
            "user": 1, 
            "content_type": 15
        }
    }, 
    {
        "pk": 155, 
        "model": "admin.logentry", 
        "fields": {
            "action_flag": 1, 
            "action_time": "2011-04-05 13:42:01", 
            "object_repr": "CompetitionManager object", 
            "object_id": "1", 
            "change_message": "", 
            "user": 1, 
            "content_type": 15
        }
    }, 
    {
        "pk": 154, 
        "model": "admin.logentry", 
        "fields": {
            "action_flag": 1, 
            "action_time": "2011-04-05 13:41:40", 
            "object_repr": "Swithinbank, Christopher [candidat 'Ircam - Cursus 1 (2011)']", 
            "object_id": "15", 
            "change_message": "", 
            "user": 1, 
            "content_type": 18
        }
    }, 
    {
        "pk": 153, 
        "model": "admin.logentry", 
        "fields": {
            "action_flag": 1, 
            "action_time": "2011-04-05 13:41:34", 
            "object_repr": "Streich, Lisa [candidat 'Ircam - Cursus 1 (2011)']", 
            "object_id": "14", 
            "change_message": "", 
            "user": 1, 
            "content_type": 18
        }
    }, 
    {
        "pk": 152, 
        "model": "admin.logentry", 
        "fields": {
            "action_flag": 1, 
            "action_time": "2011-04-05 13:41:26", 
            "object_repr": "Stanczyk, Marcin [candidat 'Ircam - Cursus 1 (2011)']", 
            "object_id": "13", 
            "change_message": "", 
            "user": 1, 
            "content_type": 18
        }
    }, 
    {
        "pk": 151, 
        "model": "admin.logentry", 
        "fields": {
            "action_flag": 1, 
            "action_time": "2011-04-05 13:41:17", 
            "object_repr": "Soh, Diana Li Ling [candidat 'Ircam - Cursus 1 (2011)']", 
            "object_id": "12", 
            "change_message": "", 
            "user": 1, 
            "content_type": 18
        }
    }, 
    {
        "pk": 150, 
        "model": "admin.logentry", 
        "fields": {
            "action_flag": 1, 
            "action_time": "2011-04-05 13:41:09", 
            "object_repr": "Montalti, Vittorio [candidat 'Ircam - Cursus 1 (2011)']", 
            "object_id": "11", 
            "change_message": "", 
            "user": 1, 
            "content_type": 18
        }
    }, 
    {
        "pk": 149, 
        "model": "admin.logentry", 
        "fields": {
            "action_flag": 1, 
            "action_time": "2011-04-05 13:40:55", 
            "object_repr": "Matsumiya, Keita [candidat 'Ircam - Cursus 1 (2011)']", 
            "object_id": "10", 
            "change_message": "", 
            "user": 1, 
            "content_type": 18
        }
    }, 
    {
        "pk": 148, 
        "model": "admin.logentry", 
        "fields": {
            "action_flag": 1, 
            "action_time": "2011-04-05 13:40:42", 
            "object_repr": "Maor, Adam [candidat 'Ircam - Cursus 1 (2011)']", 
            "object_id": "9", 
            "change_message": "", 
            "user": 1, 
            "content_type": 18
        }
    }, 
    {
        "pk": 147, 
        "model": "admin.logentry", 
        "fields": {
            "action_flag": 1, 
            "action_time": "2011-04-05 13:40:35", 
            "object_repr": "Kim, Heera [candidat 'Ircam - Cursus 1 (2011)']", 
            "object_id": "8", 
            "change_message": "", 
            "user": 1, 
            "content_type": 18
        }
    }, 
    {
        "pk": 146, 
        "model": "admin.logentry", 
        "fields": {
            "action_flag": 1, 
            "action_time": "2011-04-05 13:40:25", 
            "object_repr": "Garifzyanova, Elvira [candidat 'Ircam - Cursus 1 (2011)']", 
            "object_id": "7", 
            "change_message": "", 
            "user": 1, 
            "content_type": 18
        }
    }, 
    {
        "pk": 145, 
        "model": "admin.logentry", 
        "fields": {
            "action_flag": 1, 
            "action_time": "2011-04-05 13:40:13", 
            "object_repr": "Gardner, Evan [candidat 'Ircam - Cursus 1 (2011)']", 
            "object_id": "6", 
            "change_message": "", 
            "user": 1, 
            "content_type": 18
        }
    }, 
    {
        "pk": 144, 
        "model": "admin.logentry", 
        "fields": {
            "action_flag": 3, 
            "action_time": "2011-04-05 13:39:11", 
            "object_repr": "Durupt, Laurent [candidat 'Ircam - Cursus 1 (2011)']", 
            "object_id": "5", 
            "change_message": "", 
            "user": 1, 
            "content_type": 18
        }
    }, 
    {
        "pk": 143, 
        "model": "admin.logentry", 
        "fields": {
            "action_flag": 1, 
            "action_time": "2011-04-05 13:38:16", 
            "object_repr": "Candidate object", 
            "object_id": "5", 
            "change_message": "", 
            "user": 1, 
            "content_type": 18
        }
    }, 
    {
        "pk": 142, 
        "model": "admin.logentry", 
        "fields": {
            "action_flag": 1, 
            "action_time": "2011-04-05 13:38:08", 
            "object_repr": "Candidate object", 
            "object_id": "4", 
            "change_message": "", 
            "user": 1, 
            "content_type": 18
        }
    }, 
    {
        "pk": 141, 
        "model": "admin.logentry", 
        "fields": {
            "action_flag": 1, 
            "action_time": "2011-04-05 13:38:00", 
            "object_repr": "Candidate object", 
            "object_id": "3", 
            "change_message": "", 
            "user": 1, 
            "content_type": 18
        }
    }, 
    {
        "pk": 140, 
        "model": "admin.logentry", 
        "fields": {
            "action_flag": 1, 
            "action_time": "2011-04-05 13:37:53", 
            "object_repr": "Candidate object", 
            "object_id": "2", 
            "change_message": "", 
            "user": 1, 
            "content_type": 18
        }
    }, 
    {
        "pk": 139, 
        "model": "admin.logentry", 
        "fields": {
            "action_flag": 1, 
            "action_time": "2011-04-05 13:37:39", 
            "object_repr": "Swithinbank Christopher", 
            "object_id": "14", 
            "change_message": "", 
            "user": 1, 
            "content_type": 9
        }
    }, 
    {
        "pk": 138, 
        "model": "admin.logentry", 
        "fields": {
            "action_flag": 1, 
            "action_time": "2011-04-05 13:37:25", 
            "object_repr": "Streich Lisa", 
            "object_id": "13", 
            "change_message": "", 
            "user": 1, 
            "content_type": 9
        }
    }, 
    {
        "pk": 137, 
        "model": "admin.logentry", 
        "fields": {
            "action_flag": 1, 
            "action_time": "2011-04-05 13:37:14", 
            "object_repr": "Stanczyk Marcin", 
            "object_id": "12", 
            "change_message": "", 
            "user": 1, 
            "content_type": 9
        }
    }, 
    {
        "pk": 136, 
        "model": "admin.logentry", 
        "fields": {
            "action_flag": 1, 
            "action_time": "2011-04-05 13:36:58", 
            "object_repr": "Soh Diana Li Ling", 
            "object_id": "11", 
            "change_message": "", 
            "user": 1, 
            "content_type": 9
        }
    }, 
    {
        "pk": 135, 
        "model": "admin.logentry", 
        "fields": {
            "action_flag": 1, 
            "action_time": "2011-04-05 13:36:47", 
            "object_repr": "Montalti Vittorio", 
            "object_id": "10", 
            "change_message": "", 
            "user": 1, 
            "content_type": 9
        }
    }, 
    {
        "pk": 134, 
        "model": "admin.logentry", 
        "fields": {
            "action_flag": 1, 
            "action_time": "2011-04-05 13:36:32", 
            "object_repr": "Matsumiya Keita", 
            "object_id": "9", 
            "change_message": "", 
            "user": 1, 
            "content_type": 9
        }
    }, 
    {
        "pk": 133, 
        "model": "admin.logentry", 
        "fields": {
            "action_flag": 1, 
            "action_time": "2011-04-05 13:36:22", 
            "object_repr": "Maor Adam", 
            "object_id": "8", 
            "change_message": "", 
            "user": 1, 
            "content_type": 9
        }
    }, 
    {
        "pk": 132, 
        "model": "admin.logentry", 
        "fields": {
            "action_flag": 1, 
            "action_time": "2011-04-05 13:36:08", 
            "object_repr": "Kim Heera", 
            "object_id": "7", 
            "change_message": "", 
            "user": 1, 
            "content_type": 9
        }
    }, 
    {
        "pk": 131, 
        "model": "admin.logentry", 
        "fields": {
            "action_flag": 1, 
            "action_time": "2011-04-05 13:35:47", 
            "object_repr": "Garifzyanova Elvira", 
            "object_id": "6", 
            "change_message": "", 
            "user": 1, 
            "content_type": 9
        }
    }, 
    {
        "pk": 130, 
        "model": "admin.logentry", 
        "fields": {
            "action_flag": 1, 
            "action_time": "2011-04-05 13:35:34", 
            "object_repr": "Gardner Evan", 
            "object_id": "5", 
            "change_message": "", 
            "user": 1, 
            "content_type": 9
        }
    }, 
    {
        "pk": 129, 
        "model": "admin.logentry", 
        "fields": {
            "action_flag": 1, 
            "action_time": "2011-04-05 13:35:21", 
            "object_repr": "Durupt Laurent", 
            "object_id": "4", 
            "change_message": "", 
            "user": 1, 
            "content_type": 9
        }
    }, 
    {
        "pk": 128, 
        "model": "admin.logentry", 
        "fields": {
            "action_flag": 1, 
            "action_time": "2011-04-05 13:35:07", 
            "object_repr": "Chandelier Maxime", 
            "object_id": "3", 
            "change_message": "", 
            "user": 1, 
            "content_type": 9
        }
    }, 
    {
        "pk": 127, 
        "model": "admin.logentry", 
        "fields": {
            "action_flag": 1, 
            "action_time": "2011-04-05 13:34:55", 
            "object_repr": "Arroyo Juan", 
            "object_id": "2", 
            "change_message": "", 
            "user": 1, 
            "content_type": 9
        }
    }, 
    {
        "pk": 126, 
        "model": "admin.logentry", 
        "fields": {
            "action_flag": 1, 
            "action_time": "2011-04-05 13:31:10", 
            "object_repr": "Pauset, Brice [membre du jury 'Ircam - Cursus 1 (2011)']", 
            "object_id": "7", 
            "change_message": "", 
            "user": 1, 
            "content_type": 31
        }
    }, 
    {
        "pk": 125, 
        "model": "admin.logentry", 
        "fields": {
            "action_flag": 1, 
            "action_time": "2011-04-05 13:30:56", 
            "object_repr": "Beros, Cyril [membre du jury 'Ircam - Cursus 1 (2011)']", 
            "object_id": "6", 
            "change_message": "", 
            "user": 1, 
            "content_type": 31
        }
    }, 
    {
        "pk": 124, 
        "model": "admin.logentry", 
        "fields": {
            "action_flag": 3, 
            "action_time": "2011-04-05 13:26:59", 
            "object_repr": "Martin, Brice", 
            "object_id": "5", 
            "change_message": "", 
            "user": 1, 
            "content_type": 31
        }
    }, 
    {
        "pk": 123, 
        "model": "admin.logentry", 
        "fields": {
            "action_flag": 1, 
            "action_time": "2011-04-05 13:26:54", 
            "object_repr": "Martin, Brice", 
            "object_id": "5", 
            "change_message": "", 
            "user": 1, 
            "content_type": 31
        }
    }, 
    {
        "pk": 122, 
        "model": "admin.logentry", 
        "fields": {
            "action_flag": 1, 
            "action_time": "2011-04-05 13:26:46", 
            "object_repr": "Martin, Brice", 
            "object_id": "4", 
            "change_message": "", 
            "user": 1, 
            "content_type": 31
        }
    }, 
    {
        "pk": 121, 
        "model": "admin.logentry", 
        "fields": {
            "action_flag": 2, 
            "action_time": "2011-04-05 13:26:38", 
            "object_repr": "Maresz, Yan", 
            "object_id": "2", 
            "change_message": "Modifi\u00e9 competition.", 
            "user": 1, 
            "content_type": 31
        }
    }, 
    {
        "pk": 120, 
        "model": "admin.logentry", 
        "fields": {
            "action_flag": 1, 
            "action_time": "2011-04-05 13:26:29", 
            "object_repr": "Cont, Arshia", 
            "object_id": "3", 
            "change_message": "", 
            "user": 1, 
            "content_type": 31
        }
    }, 
    {
        "pk": 119, 
        "model": "admin.logentry", 
        "fields": {
            "action_flag": 1, 
            "action_time": "2011-04-05 13:26:18", 
            "object_repr": "Cont, Arshia", 
            "object_id": "7", 
            "change_message": "", 
            "user": 1, 
            "content_type": 32
        }
    }, 
    {
        "pk": 118, 
        "model": "admin.logentry", 
        "fields": {
            "action_flag": 2, 
            "action_time": "2011-04-05 13:26:04", 
            "object_repr": "arshia.cont", 
            "object_id": "38", 
            "change_message": "Modifi\u00e9 is_staff.", 
            "user": 1, 
            "content_type": 3
        }
    }, 
    {
        "pk": 117, 
        "model": "admin.logentry", 
        "fields": {
            "action_flag": 2, 
            "action_time": "2011-04-05 13:26:00", 
            "object_repr": "arshia.cont", 
            "object_id": "38", 
            "change_message": "Modifi\u00e9 first_name et last_name.", 
            "user": 1, 
            "content_type": 3
        }
    }, 
    {
        "pk": 116, 
        "model": "admin.logentry", 
        "fields": {
            "action_flag": 1, 
            "action_time": "2011-04-05 13:25:55", 
            "object_repr": "arshia.cont", 
            "object_id": "38", 
            "change_message": "", 
            "user": 1, 
            "content_type": 3
        }
    }, 
    {
        "pk": 115, 
        "model": "admin.logentry", 
        "fields": {
            "action_flag": 1, 
            "action_time": "2011-04-05 13:22:55", 
            "object_repr": "JuryMember object", 
            "object_id": "2", 
            "change_message": "", 
            "user": 1, 
            "content_type": 31
        }
    }, 
    {
        "pk": 114, 
        "model": "admin.logentry", 
        "fields": {
            "action_flag": 1, 
            "action_time": "2011-04-05 13:22:48", 
            "object_repr": "JuryMember object", 
            "object_id": "1", 
            "change_message": "", 
            "user": 1, 
            "content_type": 31
        }
    }, 
    {
        "pk": 113, 
        "model": "admin.logentry", 
        "fields": {
            "action_flag": 1, 
            "action_time": "2011-04-05 13:22:38", 
            "object_repr": "frank.madlener", 
            "object_id": "6", 
            "change_message": "", 
            "user": 1, 
            "content_type": 32
        }
    }, 
    {
        "pk": 112, 
        "model": "admin.logentry", 
        "fields": {
            "action_flag": 1, 
            "action_time": "2011-04-05 13:22:31", 
            "object_repr": "cyril.beros", 
            "object_id": "5", 
            "change_message": "", 
            "user": 1, 
            "content_type": 32
        }
    }, 
    {
        "pk": 111, 
        "model": "admin.logentry", 
        "fields": {
            "action_flag": 1, 
            "action_time": "2011-04-05 13:22:15", 
            "object_repr": "brice.pauset", 
            "object_id": "4", 
            "change_message": "", 
            "user": 1, 
            "content_type": 32
        }
    }, 
    {
        "pk": 110, 
        "model": "admin.logentry", 
        "fields": {
            "action_flag": 1, 
            "action_time": "2011-04-05 13:22:10", 
            "object_repr": "brice.martin", 
            "object_id": "3", 
            "change_message": "", 
            "user": 1, 
            "content_type": 32
        }
    }, 
    {
        "pk": 109, 
        "model": "admin.logentry", 
        "fields": {
            "action_flag": 1, 
            "action_time": "2011-04-05 13:22:04", 
            "object_repr": "yan.maresz", 
            "object_id": "2", 
            "change_message": "", 
            "user": 1, 
            "content_type": 32
        }
    }, 
    {
        "pk": 108, 
        "model": "admin.logentry", 
        "fields": {
            "action_flag": 1, 
            "action_time": "2011-04-05 13:21:50", 
            "object_repr": "frederic.durieux", 
            "object_id": "1", 
            "change_message": "", 
            "user": 1, 
            "content_type": 32
        }
    }, 
    {
        "pk": 107, 
        "model": "admin.logentry", 
        "fields": {
            "action_flag": 2, 
            "action_time": "2011-04-05 13:21:25", 
            "object_repr": "cyril.beros", 
            "object_id": "37", 
            "change_message": "Modifi\u00e9 first_name, last_name et is_staff.", 
            "user": 1, 
            "content_type": 3
        }
    }, 
    {
        "pk": 106, 
        "model": "admin.logentry", 
        "fields": {
            "action_flag": 1, 
            "action_time": "2011-04-05 13:21:17", 
            "object_repr": "cyril.beros", 
            "object_id": "37", 
            "change_message": "", 
            "user": 1, 
            "content_type": 3
        }
    }, 
    {
        "pk": 105, 
        "model": "admin.logentry", 
        "fields": {
            "action_flag": 2, 
            "action_time": "2011-04-05 13:21:02", 
            "object_repr": "frank.madlener", 
            "object_id": "36", 
            "change_message": "Modifi\u00e9 first_name, last_name et is_staff.", 
            "user": 1, 
            "content_type": 3
        }
    }, 
    {
        "pk": 104, 
        "model": "admin.logentry", 
        "fields": {
            "action_flag": 1, 
            "action_time": "2011-04-05 13:20:53", 
            "object_repr": "frank.madlener", 
            "object_id": "36", 
            "change_message": "", 
            "user": 1, 
            "content_type": 3
        }
    }, 
    {
        "pk": 103, 
        "model": "admin.logentry", 
        "fields": {
            "action_flag": 2, 
            "action_time": "2011-04-05 13:20:38", 
            "object_repr": "brice.martin", 
            "object_id": "35", 
            "change_message": "Modifi\u00e9 first_name, last_name et is_staff.", 
            "user": 1, 
            "content_type": 3
        }
    }, 
    {
        "pk": 102, 
        "model": "admin.logentry", 
        "fields": {
            "action_flag": 1, 
            "action_time": "2011-04-05 13:20:30", 
            "object_repr": "brice.martin", 
            "object_id": "35", 
            "change_message": "", 
            "user": 1, 
            "content_type": 3
        }
    }, 
    {
        "pk": 101, 
        "model": "admin.logentry", 
        "fields": {
            "action_flag": 2, 
            "action_time": "2011-04-05 13:20:17", 
            "object_repr": "brice.pauset", 
            "object_id": "34", 
            "change_message": "Modifi\u00e9 is_staff.", 
            "user": 1, 
            "content_type": 3
        }
    }, 
    {
        "pk": 100, 
        "model": "admin.logentry", 
        "fields": {
            "action_flag": 2, 
            "action_time": "2011-04-05 13:20:12", 
            "object_repr": "brice.pauset", 
            "object_id": "34", 
            "change_message": "Modifi\u00e9 first_name et last_name.", 
            "user": 1, 
            "content_type": 3
        }
    }, 
    {
        "pk": 99, 
        "model": "admin.logentry", 
        "fields": {
            "action_flag": 1, 
            "action_time": "2011-04-05 13:20:07", 
            "object_repr": "brice.pauset", 
            "object_id": "34", 
            "change_message": "", 
            "user": 1, 
            "content_type": 3
        }
    }, 
    {
        "pk": 98, 
        "model": "admin.logentry", 
        "fields": {
            "action_flag": 2, 
            "action_time": "2011-04-05 13:19:51", 
            "object_repr": "frederic.durieux", 
            "object_id": "33", 
            "change_message": "Modifi\u00e9 is_staff.", 
            "user": 1, 
            "content_type": 3
        }
    }, 
    {
        "pk": 97, 
        "model": "admin.logentry", 
        "fields": {
            "action_flag": 2, 
            "action_time": "2011-04-05 13:19:47", 
            "object_repr": "frederic.durieux", 
            "object_id": "33", 
            "change_message": "Modifi\u00e9 last_name.", 
            "user": 1, 
            "content_type": 3
        }
    }, 
    {
        "pk": 96, 
        "model": "admin.logentry", 
        "fields": {
            "action_flag": 2, 
            "action_time": "2011-04-05 13:19:42", 
            "object_repr": "frederic.durieux", 
            "object_id": "33", 
            "change_message": "Modifi\u00e9 first_name.", 
            "user": 1, 
            "content_type": 3
        }
    }, 
    {
        "pk": 95, 
        "model": "admin.logentry", 
        "fields": {
            "action_flag": 1, 
            "action_time": "2011-04-05 13:19:39", 
            "object_repr": "frederic.durieux", 
            "object_id": "33", 
            "change_message": "", 
            "user": 1, 
            "content_type": 3
        }
    }, 
    {
        "pk": 94, 
        "model": "admin.logentry", 
        "fields": {
            "action_flag": 2, 
            "action_time": "2011-04-05 13:19:22", 
            "object_repr": "yan.maresz", 
            "object_id": "32", 
            "change_message": "Modifi\u00e9 first_name, last_name et is_staff.", 
            "user": 1, 
            "content_type": 3
        }
    }, 
    {
        "pk": 93, 
        "model": "admin.logentry", 
        "fields": {
            "action_flag": 1, 
            "action_time": "2011-04-05 13:19:07", 
            "object_repr": "yan.maresz", 
            "object_id": "32", 
            "change_message": "", 
            "user": 1, 
            "content_type": 3
        }
    }, 
    {
        "pk": 91, 
        "model": "admin.logentry", 
        "fields": {
            "action_flag": 1, 
            "action_time": "2011-04-05 12:59:26", 
            "object_repr": "Candidate object", 
            "object_id": "1", 
            "change_message": "", 
            "user": 1, 
            "content_type": 18
        }
    }, 
    {
        "pk": 90, 
        "model": "admin.logentry", 
        "fields": {
            "action_flag": 1, 
            "action_time": "2011-04-05 12:46:17", 
            "object_repr": "fichier wav", 
            "object_id": "3", 
            "change_message": "", 
            "user": 1, 
            "content_type": 24
        }
    }, 
    {
        "pk": 89, 
        "model": "admin.logentry", 
        "fields": {
            "action_flag": 1, 
            "action_time": "2011-04-05 12:46:13", 
            "object_repr": "fichier pdf", 
            "object_id": "2", 
            "change_message": "", 
            "user": 1, 
            "content_type": 24
        }
    }, 
    {
        "pk": 88, 
        "model": "admin.logentry", 
        "fields": {
            "action_flag": 2, 
            "action_time": "2011-04-05 12:41:21", 
            "object_repr": "Andreyev Samuel", 
            "object_id": "1", 
            "change_message": "text modifi\u00e9 pour \u00e9l\u00e9ment biographique \u00ab\u00a0BiographicElement object\u00a0\u00bb.", 
            "user": 1, 
            "content_type": 9
        }
    }, 
    {
        "pk": 87, 
        "model": "admin.logentry", 
        "fields": {
            "action_flag": 2, 
            "action_time": "2011-04-05 12:35:49", 
            "object_repr": "Andreyev Samuel", 
            "object_id": "1", 
            "change_message": "\u00e9l\u00e9ment biographique \u00ab\u00a0Mon CV\u00a0\u00bb ajout\u00e9.", 
            "user": 1, 
            "content_type": 9
        }
    }, 
    {
        "pk": 86, 
        "model": "admin.logentry", 
        "fields": {
            "action_flag": 1, 
            "action_time": "2011-04-05 12:26:57", 
            "object_repr": "Distinctions & prix", 
            "object_id": "2", 
            "change_message": "", 
            "user": 1, 
            "content_type": 27
        }
    }, 
    {
        "pk": 85, 
        "model": "admin.logentry", 
        "fields": {
            "action_flag": 1, 
            "action_time": "2011-04-05 12:26:50", 
            "object_repr": "CV", 
            "object_id": "1", 
            "change_message": "", 
            "user": 1, 
            "content_type": 27
        }
    }, 
    {
        "pk": 84, 
        "model": "admin.logentry", 
        "fields": {
            "action_flag": 1, 
            "action_time": "2011-04-05 12:19:01", 
            "object_repr": "Andreyev Samuel", 
            "object_id": "1", 
            "change_message": "", 
            "user": 1, 
            "content_type": 9
        }
    }, 
    {
        "pk": 83, 
        "model": "admin.logentry", 
        "fields": {
            "action_flag": 1, 
            "action_time": "2011-04-05 12:09:20", 
            "object_repr": "Andreyev Samuel", 
            "object_id": "2", 
            "change_message": "", 
            "user": 1, 
            "content_type": 9
        }
    }, 
    {
        "pk": 82, 
        "model": "admin.logentry", 
        "fields": {
            "action_flag": 1, 
            "action_time": "2011-04-04 18:13:28", 
            "object_repr": "ying.wang", 
            "object_id": "31", 
            "change_message": "", 
            "user": 1, 
            "content_type": 9
        }
    }, 
    {
        "pk": 81, 
        "model": "admin.logentry", 
        "fields": {
            "action_flag": 1, 
            "action_time": "2011-04-04 18:12:18", 
            "object_repr": "christopher.swithinbank", 
            "object_id": "30", 
            "change_message": "", 
            "user": 1, 
            "content_type": 9
        }
    }, 
    {
        "pk": 80, 
        "model": "admin.logentry", 
        "fields": {
            "action_flag": 1, 
            "action_time": "2011-04-04 18:11:18", 
            "object_repr": "lisa.streich", 
            "object_id": "29", 
            "change_message": "", 
            "user": 1, 
            "content_type": 9
        }
    }, 
    {
        "pk": 79, 
        "model": "admin.logentry", 
        "fields": {
            "action_flag": 2, 
            "action_time": "2011-04-04 18:10:27", 
            "object_repr": "marcin.stanczyk", 
            "object_id": "28", 
            "change_message": "Modifi\u00e9 phone1.", 
            "user": 1, 
            "content_type": 9
        }
    }, 
    {
        "pk": 78, 
        "model": "admin.logentry", 
        "fields": {
            "action_flag": 1, 
            "action_time": "2011-04-04 18:10:17", 
            "object_repr": "marcin.stanczyk", 
            "object_id": "28", 
            "change_message": "", 
            "user": 1, 
            "content_type": 9
        }
    }, 
    {
        "pk": 77, 
        "model": "admin.logentry", 
        "fields": {
            "action_flag": 1, 
            "action_time": "2011-04-04 18:09:01", 
            "object_repr": "diana.soh", 
            "object_id": "27", 
            "change_message": "", 
            "user": 1, 
            "content_type": 9
        }
    }, 
    {
        "pk": 76, 
        "model": "admin.logentry", 
        "fields": {
            "action_flag": 1, 
            "action_time": "2011-04-04 18:07:31", 
            "object_repr": "vittorio.montalti", 
            "object_id": "26", 
            "change_message": "", 
            "user": 1, 
            "content_type": 9
        }
    }, 
    {
        "pk": 75, 
        "model": "admin.logentry", 
        "fields": {
            "action_flag": 1, 
            "action_time": "2011-04-04 18:05:37", 
            "object_repr": "keita.matsumiya", 
            "object_id": "25", 
            "change_message": "", 
            "user": 1, 
            "content_type": 9
        }
    }, 
    {
        "pk": 74, 
        "model": "admin.logentry", 
        "fields": {
            "action_flag": 1, 
            "action_time": "2011-04-04 18:04:54", 
            "object_repr": "adam.maor", 
            "object_id": "24", 
            "change_message": "", 
            "user": 1, 
            "content_type": 9
        }
    }, 
    {
        "pk": 73, 
        "model": "admin.logentry", 
        "fields": {
            "action_flag": 1, 
            "action_time": "2011-04-04 18:03:50", 
            "object_repr": "heera.kim", 
            "object_id": "23", 
            "change_message": "", 
            "user": 1, 
            "content_type": 9
        }
    }, 
    {
        "pk": 72, 
        "model": "admin.logentry", 
        "fields": {
            "action_flag": 1, 
            "action_time": "2011-04-04 18:02:38", 
            "object_repr": "elvira.garifzyanova", 
            "object_id": "22", 
            "change_message": "", 
            "user": 1, 
            "content_type": 9
        }
    }, 
    {
        "pk": 71, 
        "model": "admin.logentry", 
        "fields": {
            "action_flag": 1, 
            "action_time": "2011-04-04 18:01:31", 
            "object_repr": "evan.gardner", 
            "object_id": "21", 
            "change_message": "", 
            "user": 1, 
            "content_type": 9
        }
    }, 
    {
        "pk": 70, 
        "model": "admin.logentry", 
        "fields": {
            "action_flag": 1, 
            "action_time": "2011-04-04 17:58:22", 
            "object_repr": "laurent.durupt", 
            "object_id": "20", 
            "change_message": "", 
            "user": 1, 
            "content_type": 9
        }
    }, 
    {
        "pk": 69, 
        "model": "admin.logentry", 
        "fields": {
            "action_flag": 1, 
            "action_time": "2011-04-04 17:57:10", 
            "object_repr": "maxime.chandelier", 
            "object_id": "19", 
            "change_message": "", 
            "user": 1, 
            "content_type": 9
        }
    }, 
    {
        "pk": 68, 
        "model": "admin.logentry", 
        "fields": {
            "action_flag": 1, 
            "action_time": "2011-04-04 17:55:50", 
            "object_repr": "juan.arroyo", 
            "object_id": "18", 
            "change_message": "", 
            "user": 1, 
            "content_type": 9
        }
    }, 
    {
        "pk": 67, 
        "model": "admin.logentry", 
        "fields": {
            "action_flag": 2, 
            "action_time": "2011-04-04 17:53:18", 
            "object_repr": "samuel.andreyev", 
            "object_id": "17", 
            "change_message": "Modifi\u00e9 email.", 
            "user": 1, 
            "content_type": 9
        }
    }, 
    {
        "pk": 66, 
        "model": "admin.logentry", 
        "fields": {
            "action_flag": 1, 
            "action_time": "2011-04-04 17:51:19", 
            "object_repr": "samuel.andreyev", 
            "object_id": "17", 
            "change_message": "", 
            "user": 1, 
            "content_type": 9
        }
    }, 
    {
        "pk": 51, 
        "model": "admin.logentry", 
        "fields": {
            "action_flag": 3, 
            "action_time": "2011-04-04 17:51:15", 
            "object_repr": "adam.maor", 
            "object_id": "9", 
            "change_message": "", 
            "user": 1, 
            "content_type": 3
        }
    }, 
    {
        "pk": 52, 
        "model": "admin.logentry", 
        "fields": {
            "action_flag": 3, 
            "action_time": "2011-04-04 17:51:15", 
            "object_repr": "christopher.swithinbank", 
            "object_id": "15", 
            "change_message": "", 
            "user": 1, 
            "content_type": 3
        }
    }, 
    {
        "pk": 53, 
        "model": "admin.logentry", 
        "fields": {
            "action_flag": 3, 
            "action_time": "2011-04-04 17:51:15", 
            "object_repr": "diana.soh", 
            "object_id": "12", 
            "change_message": "", 
            "user": 1, 
            "content_type": 3
        }
    }, 
    {
        "pk": 54, 
        "model": "admin.logentry", 
        "fields": {
            "action_flag": 3, 
            "action_time": "2011-04-04 17:51:15", 
            "object_repr": "elvira.garifzyanova", 
            "object_id": "7", 
            "change_message": "", 
            "user": 1, 
            "content_type": 3
        }
    }, 
    {
        "pk": 55, 
        "model": "admin.logentry", 
        "fields": {
            "action_flag": 3, 
            "action_time": "2011-04-04 17:51:15", 
            "object_repr": "evan.gardner", 
            "object_id": "6", 
            "change_message": "", 
            "user": 1, 
            "content_type": 3
        }
    }, 
    {
        "pk": 56, 
        "model": "admin.logentry", 
        "fields": {
            "action_flag": 3, 
            "action_time": "2011-04-04 17:51:15", 
            "object_repr": "heera.kim", 
            "object_id": "8", 
            "change_message": "", 
            "user": 1, 
            "content_type": 3
        }
    }, 
    {
        "pk": 57, 
        "model": "admin.logentry", 
        "fields": {
            "action_flag": 3, 
            "action_time": "2011-04-04 17:51:15", 
            "object_repr": "juan.arroyo", 
            "object_id": "3", 
            "change_message": "", 
            "user": 1, 
            "content_type": 3
        }
    }, 
    {
        "pk": 58, 
        "model": "admin.logentry", 
        "fields": {
            "action_flag": 3, 
            "action_time": "2011-04-04 17:51:15", 
            "object_repr": "keita.matsumiya", 
            "object_id": "10", 
            "change_message": "", 
            "user": 1, 
            "content_type": 3
        }
    }, 
    {
        "pk": 59, 
        "model": "admin.logentry", 
        "fields": {
            "action_flag": 3, 
            "action_time": "2011-04-04 17:51:15", 
            "object_repr": "laurent.durupt", 
            "object_id": "5", 
            "change_message": "", 
            "user": 1, 
            "content_type": 3
        }
    }, 
    {
        "pk": 60, 
        "model": "admin.logentry", 
        "fields": {
            "action_flag": 3, 
            "action_time": "2011-04-04 17:51:15", 
            "object_repr": "lisa.streich", 
            "object_id": "14", 
            "change_message": "", 
            "user": 1, 
            "content_type": 3
        }
    }, 
    {
        "pk": 61, 
        "model": "admin.logentry", 
        "fields": {
            "action_flag": 3, 
            "action_time": "2011-04-04 17:51:15", 
            "object_repr": "marcin.stanczyk", 
            "object_id": "13", 
            "change_message": "", 
            "user": 1, 
            "content_type": 3
        }
    }, 
    {
        "pk": 62, 
        "model": "admin.logentry", 
        "fields": {
            "action_flag": 3, 
            "action_time": "2011-04-04 17:51:15", 
            "object_repr": "maxime.chandelier", 
            "object_id": "4", 
            "change_message": "", 
            "user": 1, 
            "content_type": 3
        }
    }, 
    {
        "pk": 63, 
        "model": "admin.logentry", 
        "fields": {
            "action_flag": 3, 
            "action_time": "2011-04-04 17:51:15", 
            "object_repr": "samuel.andreyev", 
            "object_id": "2", 
            "change_message": "", 
            "user": 1, 
            "content_type": 3
        }
    }, 
    {
        "pk": 64, 
        "model": "admin.logentry", 
        "fields": {
            "action_flag": 3, 
            "action_time": "2011-04-04 17:51:15", 
            "object_repr": "vittorio.montalti", 
            "object_id": "11", 
            "change_message": "", 
            "user": 1, 
            "content_type": 3
        }
    }, 
    {
        "pk": 65, 
        "model": "admin.logentry", 
        "fields": {
            "action_flag": 3, 
            "action_time": "2011-04-04 17:51:15", 
            "object_repr": "ying.wang", 
            "object_id": "16", 
            "change_message": "", 
            "user": 1, 
            "content_type": 3
        }
    }, 
    {
        "pk": 50, 
        "model": "admin.logentry", 
        "fields": {
            "action_flag": 1, 
            "action_time": "2011-04-04 17:21:37", 
            "object_repr": "samuel.andreyev", 
            "object_id": "1", 
            "change_message": "", 
            "user": 1, 
            "content_type": 9
        }
    }, 
    {
        "pk": 49, 
        "model": "admin.logentry", 
        "fields": {
            "action_flag": 2, 
            "action_time": "2011-04-04 17:17:46", 
            "object_repr": "ying.wang", 
            "object_id": "16", 
            "change_message": "Modifi\u00e9 first_name, last_name et email.", 
            "user": 1, 
            "content_type": 3
        }
    }, 
    {
        "pk": 48, 
        "model": "admin.logentry", 
        "fields": {
            "action_flag": 1, 
            "action_time": "2011-04-04 17:17:35", 
            "object_repr": "ying.wang", 
            "object_id": "16", 
            "change_message": "", 
            "user": 1, 
            "content_type": 3
        }
    }, 
    {
        "pk": 47, 
        "model": "admin.logentry", 
        "fields": {
            "action_flag": 2, 
            "action_time": "2011-04-04 17:17:25", 
            "object_repr": "christopher.swithinbank", 
            "object_id": "15", 
            "change_message": "Modifi\u00e9 first_name, last_name et email.", 
            "user": 1, 
            "content_type": 3
        }
    }, 
    {
        "pk": 46, 
        "model": "admin.logentry", 
        "fields": {
            "action_flag": 1, 
            "action_time": "2011-04-04 17:17:07", 
            "object_repr": "christopher.swithinbank", 
            "object_id": "15", 
            "change_message": "", 
            "user": 1, 
            "content_type": 3
        }
    }, 
    {
        "pk": 45, 
        "model": "admin.logentry", 
        "fields": {
            "action_flag": 2, 
            "action_time": "2011-04-04 17:16:54", 
            "object_repr": "lisa.streich", 
            "object_id": "14", 
            "change_message": "Modifi\u00e9 first_name, last_name et email.", 
            "user": 1, 
            "content_type": 3
        }
    }, 
    {
        "pk": 44, 
        "model": "admin.logentry", 
        "fields": {
            "action_flag": 1, 
            "action_time": "2011-04-04 17:16:41", 
            "object_repr": "lisa.streich", 
            "object_id": "14", 
            "change_message": "", 
            "user": 1, 
            "content_type": 3
        }
    }, 
    {
        "pk": 43, 
        "model": "admin.logentry", 
        "fields": {
            "action_flag": 2, 
            "action_time": "2011-04-04 17:16:34", 
            "object_repr": "marcin.stanczyk", 
            "object_id": "13", 
            "change_message": "Modifi\u00e9 first_name, last_name et email.", 
            "user": 1, 
            "content_type": 3
        }
    }, 
    {
        "pk": 42, 
        "model": "admin.logentry", 
        "fields": {
            "action_flag": 1, 
            "action_time": "2011-04-04 17:16:20", 
            "object_repr": "marcin.stanczyk", 
            "object_id": "13", 
            "change_message": "", 
            "user": 1, 
            "content_type": 3
        }
    }, 
    {
        "pk": 41, 
        "model": "admin.logentry", 
        "fields": {
            "action_flag": 2, 
            "action_time": "2011-04-04 17:16:12", 
            "object_repr": "diana.soh", 
            "object_id": "12", 
            "change_message": "Modifi\u00e9 first_name, last_name et email.", 
            "user": 1, 
            "content_type": 3
        }
    }, 
    {
        "pk": 40, 
        "model": "admin.logentry", 
        "fields": {
            "action_flag": 1, 
            "action_time": "2011-04-04 17:15:56", 
            "object_repr": "diana.soh", 
            "object_id": "12", 
            "change_message": "", 
            "user": 1, 
            "content_type": 3
        }
    }, 
    {
        "pk": 39, 
        "model": "admin.logentry", 
        "fields": {
            "action_flag": 2, 
            "action_time": "2011-04-04 17:15:47", 
            "object_repr": "vittorio.montalti", 
            "object_id": "11", 
            "change_message": "Modifi\u00e9 first_name, last_name et email.", 
            "user": 1, 
            "content_type": 3
        }
    }, 
    {
        "pk": 38, 
        "model": "admin.logentry", 
        "fields": {
            "action_flag": 1, 
            "action_time": "2011-04-04 17:15:26", 
            "object_repr": "vittorio.montalti", 
            "object_id": "11", 
            "change_message": "", 
            "user": 1, 
            "content_type": 3
        }
    }, 
    {
        "pk": 37, 
        "model": "admin.logentry", 
        "fields": {
            "action_flag": 2, 
            "action_time": "2011-04-04 17:15:17", 
            "object_repr": "keita.matsumiya", 
            "object_id": "10", 
            "change_message": "Modifi\u00e9 first_name, last_name et email.", 
            "user": 1, 
            "content_type": 3
        }
    }, 
    {
        "pk": 36, 
        "model": "admin.logentry", 
        "fields": {
            "action_flag": 1, 
            "action_time": "2011-04-04 17:15:03", 
            "object_repr": "keita.matsumiya", 
            "object_id": "10", 
            "change_message": "", 
            "user": 1, 
            "content_type": 3
        }
    }, 
    {
        "pk": 35, 
        "model": "admin.logentry", 
        "fields": {
            "action_flag": 2, 
            "action_time": "2011-04-04 17:14:54", 
            "object_repr": "adam.maor", 
            "object_id": "9", 
            "change_message": "Modifi\u00e9 first_name, last_name et email.", 
            "user": 1, 
            "content_type": 3
        }
    }, 
    {
        "pk": 34, 
        "model": "admin.logentry", 
        "fields": {
            "action_flag": 1, 
            "action_time": "2011-04-04 17:14:44", 
            "object_repr": "adam.maor", 
            "object_id": "9", 
            "change_message": "", 
            "user": 1, 
            "content_type": 3
        }
    }, 
    {
        "pk": 33, 
        "model": "admin.logentry", 
        "fields": {
            "action_flag": 2, 
            "action_time": "2011-04-04 17:14:36", 
            "object_repr": "heera.kim", 
            "object_id": "8", 
            "change_message": "Modifi\u00e9 first_name, last_name et email.", 
            "user": 1, 
            "content_type": 3
        }
    }, 
    {
        "pk": 32, 
        "model": "admin.logentry", 
        "fields": {
            "action_flag": 1, 
            "action_time": "2011-04-04 17:14:24", 
            "object_repr": "heera.kim", 
            "object_id": "8", 
            "change_message": "", 
            "user": 1, 
            "content_type": 3
        }
    }, 
    {
        "pk": 31, 
        "model": "admin.logentry", 
        "fields": {
            "action_flag": 2, 
            "action_time": "2011-04-04 17:14:13", 
            "object_repr": "elvira.garifzyanova", 
            "object_id": "7", 
            "change_message": "Modifi\u00e9 first_name, last_name et email.", 
            "user": 1, 
            "content_type": 3
        }
    }, 
    {
        "pk": 30, 
        "model": "admin.logentry", 
        "fields": {
            "action_flag": 1, 
            "action_time": "2011-04-04 17:13:57", 
            "object_repr": "elvira.garifzyanova", 
            "object_id": "7", 
            "change_message": "", 
            "user": 1, 
            "content_type": 3
        }
    }, 
    {
        "pk": 29, 
        "model": "admin.logentry", 
        "fields": {
            "action_flag": 2, 
            "action_time": "2011-04-04 17:13:48", 
            "object_repr": "evan.gardner", 
            "object_id": "6", 
            "change_message": "Modifi\u00e9 first_name, last_name et email.", 
            "user": 1, 
            "content_type": 3
        }
    }, 
    {
        "pk": 28, 
        "model": "admin.logentry", 
        "fields": {
            "action_flag": 1, 
            "action_time": "2011-04-04 17:13:36", 
            "object_repr": "evan.gardner", 
            "object_id": "6", 
            "change_message": "", 
            "user": 1, 
            "content_type": 3
        }
    }, 
    {
        "pk": 27, 
        "model": "admin.logentry", 
        "fields": {
            "action_flag": 2, 
            "action_time": "2011-04-04 17:13:28", 
            "object_repr": "laurent.durupt", 
            "object_id": "5", 
            "change_message": "Modifi\u00e9 first_name, last_name et email.", 
            "user": 1, 
            "content_type": 3
        }
    }, 
    {
        "pk": 26, 
        "model": "admin.logentry", 
        "fields": {
            "action_flag": 1, 
            "action_time": "2011-04-04 17:13:19", 
            "object_repr": "laurent.durupt", 
            "object_id": "5", 
            "change_message": "", 
            "user": 1, 
            "content_type": 3
        }
    }, 
    {
        "pk": 25, 
        "model": "admin.logentry", 
        "fields": {
            "action_flag": 2, 
            "action_time": "2011-04-04 17:12:47", 
            "object_repr": "maxime.chandelier", 
            "object_id": "4", 
            "change_message": "Modifi\u00e9 first_name, last_name et email.", 
            "user": 1, 
            "content_type": 3
        }
    }, 
    {
        "pk": 24, 
        "model": "admin.logentry", 
        "fields": {
            "action_flag": 1, 
            "action_time": "2011-04-04 17:12:36", 
            "object_repr": "maxime.chandelier", 
            "object_id": "4", 
            "change_message": "", 
            "user": 1, 
            "content_type": 3
        }
    }, 
    {
        "pk": 23, 
        "model": "admin.logentry", 
        "fields": {
            "action_flag": 2, 
            "action_time": "2011-04-04 17:12:25", 
            "object_repr": "juan.arroyo", 
            "object_id": "3", 
            "change_message": "Modifi\u00e9 first_name, last_name et email.", 
            "user": 1, 
            "content_type": 3
        }
    }, 
    {
        "pk": 22, 
        "model": "admin.logentry", 
        "fields": {
            "action_flag": 1, 
            "action_time": "2011-04-04 17:12:11", 
            "object_repr": "juan.arroyo", 
            "object_id": "3", 
            "change_message": "", 
            "user": 1, 
            "content_type": 3
        }
    }, 
    {
        "pk": 21, 
        "model": "admin.logentry", 
        "fields": {
            "action_flag": 2, 
            "action_time": "2011-04-04 17:11:56", 
            "object_repr": "samuel.andreyev", 
            "object_id": "2", 
            "change_message": "Modifi\u00e9 first_name, last_name et email.", 
            "user": 1, 
            "content_type": 3
        }
    }, 
    {
        "pk": 20, 
        "model": "admin.logentry", 
        "fields": {
            "action_flag": 1, 
            "action_time": "2011-04-04 17:11:15", 
            "object_repr": "samuel.andreyev", 
            "object_id": "2", 
            "change_message": "", 
            "user": 1, 
            "content_type": 3
        }
    }, 
    {
        "pk": 19, 
        "model": "admin.logentry", 
        "fields": {
            "action_flag": 2, 
            "action_time": "2011-04-04 17:04:00", 
            "object_repr": "IRCAM - R\u00e9sidence Musicale (2011)", 
            "object_id": "2", 
            "change_message": "name et evaluation_model modifi\u00e9 pour \u00e9tape du concours \u00ab\u00a0CompetitionStep object\u00a0\u00bb. name et evaluation_model modifi\u00e9 pour \u00e9tape du concours \u00ab\u00a0CompetitionStep object\u00a0\u00bb.", 
            "user": 1, 
            "content_type": 14
        }
    }, 
    {
        "pk": 17, 
        "model": "admin.logentry", 
        "fields": {
            "action_flag": 2, 
            "action_time": "2011-04-04 17:03:21", 
            "object_repr": "Ircam - Cursus 1 (2011)", 
            "object_id": "1", 
            "change_message": "\u00e9tape du concours \u00ab\u00a0CompetitionStep object\u00a0\u00bb ajout\u00e9. \u00e9tape du concours \u00ab\u00a0CompetitionStep object\u00a0\u00bb ajout\u00e9.", 
            "user": 1, 
            "content_type": 14
        }
    }, 
    {
        "pk": 16, 
        "model": "admin.logentry", 
        "fields": {
            "action_flag": 2, 
            "action_time": "2011-04-04 16:56:54", 
            "object_repr": "IRCAM - R\u00e9sidence Musicale (2011)", 
            "object_id": "2", 
            "change_message": "\u00e9tape du concours \u00ab\u00a0CompetitionStep object\u00a0\u00bb ajout\u00e9. \u00e9tape du concours \u00ab\u00a0CompetitionStep object\u00a0\u00bb ajout\u00e9.", 
            "user": 1, 
            "content_type": 14
        }
    }, 
    {
        "pk": 13, 
        "model": "admin.logentry", 
        "fields": {
            "action_flag": 2, 
            "action_time": "2011-04-04 16:49:36", 
            "object_repr": "IRCAM - R\u00e9sidence Musicale (2011)", 
            "object_id": "2", 
            "change_message": "Modifi\u00e9 additional_partners.", 
            "user": 1, 
            "content_type": 14
        }
    }, 
    {
        "pk": 12, 
        "model": "admin.logentry", 
        "fields": {
            "action_flag": 2, 
            "action_time": "2011-04-04 16:49:30", 
            "object_repr": "Ircam - Cursus 1 (2011)", 
            "object_id": "1", 
            "change_message": "Aucun champ modifi\u00e9.", 
            "user": 1, 
            "content_type": 14
        }
    }, 
    {
        "pk": 11, 
        "model": "admin.logentry", 
        "fields": {
            "action_flag": 2, 
            "action_time": "2011-04-04 16:48:44", 
            "object_repr": "IRCAM - R\u00e9sidence Musicale (2011)", 
            "object_id": "2", 
            "change_message": "Modifi\u00e9 title.", 
            "user": 1, 
            "content_type": 14
        }
    }, 
    {
        "pk": 10, 
        "model": "admin.logentry", 
        "fields": {
            "action_flag": 1, 
            "action_time": "2011-04-04 16:48:35", 
            "object_repr": "IRCAM - R\u00e9sidence Musicale", 
            "object_id": "2", 
            "change_message": "", 
            "user": 1, 
            "content_type": 14
        }
    }, 
    {
        "pk": 8, 
        "model": "admin.logentry", 
        "fields": {
            "action_flag": 2, 
            "action_time": "2011-04-04 16:04:15", 
            "object_repr": "Ensemble Intercontemporain", 
            "object_id": "2", 
            "change_message": "Modifi\u00e9 name.", 
            "user": 1, 
            "content_type": 22
        }
    }, 
    {
        "pk": 7, 
        "model": "admin.logentry", 
        "fields": {
            "action_flag": 1, 
            "action_time": "2011-04-04 16:04:04", 
            "object_repr": "Ircam - Cursus 1 (2011)", 
            "object_id": "1", 
            "change_message": "", 
            "user": 1, 
            "content_type": 14
        }
    }, 
    {
        "pk": 5, 
        "model": "admin.logentry", 
        "fields": {
            "action_flag": 2, 
            "action_time": "2011-04-04 15:59:04", 
            "object_repr": "Ensemble Intercomtemporain", 
            "object_id": "2", 
            "change_message": "Modifi\u00e9 name.", 
            "user": 1, 
            "content_type": 22
        }
    }, 
    {
        "pk": 4, 
        "model": "admin.logentry", 
        "fields": {
            "action_flag": 1, 
            "action_time": "2011-04-04 15:58:17", 
            "object_repr": "Ensemble Intercomporain", 
            "object_id": "2", 
            "change_message": "", 
            "user": 1, 
            "content_type": 22
        }
    }, 
    {
        "pk": 3, 
        "model": "admin.logentry", 
        "fields": {
            "action_flag": 2, 
            "action_time": "2011-04-04 15:52:28", 
            "object_repr": "IRCAM", 
            "object_id": "1", 
            "change_message": "Modifi\u00e9 presentation.", 
            "user": 1, 
            "content_type": 22
        }
    }, 
    {
        "pk": 2, 
        "model": "admin.logentry", 
        "fields": {
            "action_flag": 2, 
            "action_time": "2011-04-04 15:51:32", 
            "object_repr": "IRCAM", 
            "object_id": "1", 
            "change_message": "Modifi\u00e9 presentation.", 
            "user": 1, 
            "content_type": 22
        }
    }, 
    {
        "pk": 1, 
        "model": "admin.logentry", 
        "fields": {
            "action_flag": 1, 
            "action_time": "2011-04-04 15:48:54", 
            "object_repr": "IRCAM", 
            "object_id": "1", 
            "change_message": "", 
            "user": 1, 
            "content_type": 22
        }
    }, 
    {
        "pk": 1, 
        "model": "compositeurs.composer", 
        "fields": {
            "city": "Paris", 
            "citizenship": null, 
            "phone2": "", 
            "address1": "12 rue Roger", 
            "address2": "", 
            "phone1": "", 
            "zipcode": "75014", 
            "user": 17, 
            "country": "France", 
            "birth_date": "2011-04-05"
        }
    }, 
    {
        "pk": 2, 
        "model": "compositeurs.composer", 
        "fields": {
            "city": "#", 
            "citizenship": null, 
            "phone2": "", 
            "address1": "#", 
            "address2": "", 
            "phone1": "", 
            "zipcode": "#", 
            "user": 18, 
            "country": "#", 
            "birth_date": null
        }
    }, 
    {
        "pk": 3, 
        "model": "compositeurs.composer", 
        "fields": {
            "city": "#", 
            "citizenship": null, 
            "phone2": "", 
            "address1": "#", 
            "address2": "", 
            "phone1": "", 
            "zipcode": "#", 
            "user": 19, 
            "country": "#", 
            "birth_date": null
        }
    }, 
    {
        "pk": 4, 
        "model": "compositeurs.composer", 
        "fields": {
            "city": "#", 
            "citizenship": null, 
            "phone2": "", 
            "address1": "#", 
            "address2": "", 
            "phone1": "", 
            "zipcode": "#", 
            "user": 20, 
            "country": "#", 
            "birth_date": null
        }
    }, 
    {
        "pk": 5, 
        "model": "compositeurs.composer", 
        "fields": {
            "city": "#", 
            "citizenship": null, 
            "phone2": "", 
            "address1": "#", 
            "address2": "#", 
            "phone1": "", 
            "zipcode": "#", 
            "user": 21, 
            "country": "#", 
            "birth_date": null
        }
    }, 
    {
        "pk": 6, 
        "model": "compositeurs.composer", 
        "fields": {
            "city": "#", 
            "citizenship": null, 
            "phone2": "", 
            "address1": "#", 
            "address2": "#", 
            "phone1": "", 
            "zipcode": "#", 
            "user": 22, 
            "country": "#", 
            "birth_date": null
        }
    }, 
    {
        "pk": 7, 
        "model": "compositeurs.composer", 
        "fields": {
            "city": "#", 
            "citizenship": null, 
            "phone2": "", 
            "address1": "#", 
            "address2": "#", 
            "phone1": "", 
            "zipcode": "#", 
            "user": 23, 
            "country": "#", 
            "birth_date": null
        }
    }, 
    {
        "pk": 8, 
        "model": "compositeurs.composer", 
        "fields": {
            "city": "#", 
            "citizenship": null, 
            "phone2": "", 
            "address1": "#", 
            "address2": "#", 
            "phone1": "", 
            "zipcode": "#", 
            "user": 24, 
            "country": "#", 
            "birth_date": null
        }
    }, 
    {
        "pk": 9, 
        "model": "compositeurs.composer", 
        "fields": {
            "city": "#", 
            "citizenship": null, 
            "phone2": "", 
            "address1": "#", 
            "address2": "#", 
            "phone1": "", 
            "zipcode": "#", 
            "user": 25, 
            "country": "#", 
            "birth_date": null
        }
    }, 
    {
        "pk": 10, 
        "model": "compositeurs.composer", 
        "fields": {
            "city": "#", 
            "citizenship": null, 
            "phone2": "", 
            "address1": "#", 
            "address2": "#", 
            "phone1": "", 
            "zipcode": "#", 
            "user": 26, 
            "country": "#", 
            "birth_date": null
        }
    }, 
    {
        "pk": 11, 
        "model": "compositeurs.composer", 
        "fields": {
            "city": "#", 
            "citizenship": null, 
            "phone2": "", 
            "address1": "#", 
            "address2": "#", 
            "phone1": "", 
            "zipcode": "#", 
            "user": 27, 
            "country": "#", 
            "birth_date": null
        }
    }, 
    {
        "pk": 12, 
        "model": "compositeurs.composer", 
        "fields": {
            "city": "#", 
            "citizenship": null, 
            "phone2": "", 
            "address1": "#", 
            "address2": "#", 
            "phone1": "", 
            "zipcode": "#", 
            "user": 28, 
            "country": "#", 
            "birth_date": null
        }
    }, 
    {
        "pk": 13, 
        "model": "compositeurs.composer", 
        "fields": {
            "city": "#", 
            "citizenship": null, 
            "phone2": "", 
            "address1": "#", 
            "address2": "#", 
            "phone1": "", 
            "zipcode": "#", 
            "user": 29, 
            "country": "#", 
            "birth_date": null
        }
    }, 
    {
        "pk": 14, 
        "model": "compositeurs.composer", 
        "fields": {
            "city": "#", 
            "citizenship": null, 
            "phone2": "", 
            "address1": "#", 
            "address2": "#", 
            "phone1": "", 
            "zipcode": "#", 
            "user": 30, 
            "country": "#", 
            "birth_date": null
        }
    }, 
    {
        "pk": 1, 
        "model": "compositeurs.work", 
        "fields": {
            "notes": "", 
            "score": "ftp://ftp.ircam.fr/private/pedagogie/cyril/Ulysse/10-CL11%3AC012%20ARROYO%20Juan/Oeuvre1/A%20passo%20di%20gambero-partition%3Aarroyo.pdf", 
            "audio": "ftp://ftp.ircam.fr/private/pedagogie/cyril/Ulysse/10-CL11%3AC012%20ARROYO%20Juan/Oeuvre1/A%20passo%20di%20gambero-enregistrement%20sonore%3Aarroyo.aiff", 
            "composer": 2, 
            "title": "A passo di gambero"
        }
    }, 
    {
        "pk": 2, 
        "model": "compositeurs.work", 
        "fields": {
            "notes": "", 
            "score": "ftp://ftp.ircam.fr/private/pedagogie/cyril/Ulysse/10-CL11%3AC012%20ARROYO%20Juan/Oeuvre2/Sikus%20-%20partition%3Aarroyo.pdf", 
            "audio": "ftp://ftp.ircam.fr/private/pedagogie/cyril/Ulysse/10-CL11%3AC012%20ARROYO%20Juan/Oeuvre2/Sikus%20-%20partition%3Aarroyo.pdf", 
            "composer": 2, 
            "title": "Sikus"
        }
    }, 
    {
        "pk": 3, 
        "model": "compositeurs.work", 
        "fields": {
            "notes": "", 
            "score": "ftp://ftp.ircam.fr/private/pedagogie/cyril/Ulysse/9-CL11%3AC025%20ANDREYEV%20Samuel/Oeuvre%201/Stars%20in%20the%20Dice%20-%20partition%3Aandreyev.pdf", 
            "audio": "ftp://ftp.ircam.fr/private/pedagogie/cyril/Ulysse/9-CL11%3AC025%20ANDREYEV%20Samuel/Oeuvre%201/Stars%20in%20the%20Dice%20-%20enregistrement%20sonore%3Aandreyev.aiff", 
            "composer": 1, 
            "title": "Star in the Dice"
        }
    }, 
    {
        "pk": 4, 
        "model": "compositeurs.work", 
        "fields": {
            "notes": "", 
            "score": "ftp://ftp.ircam.fr/private/pedagogie/cyril/Ulysse/9-CL11%3AC025%20ANDREYEV%20Samuel/Oeuvre%202/Situation%20Temporaire%20-%20enregistrement%20sonore%3Aandreyev.wav", 
            "audio": "ftp://ftp.ircam.fr/private/pedagogie/cyril/Ulysse/9-CL11%3AC025%20ANDREYEV%20Samuel/Oeuvre%202/Situation%20Temporaire%20-%20enregistrement%20sonore%3Aandreyev.wav", 
            "composer": 1, 
            "title": "Situation temporaire"
        }
    }, 
    {
        "pk": 2, 
        "model": "compositeurs.administrativedocument", 
        "fields": {
            "document": "composers/ID-Aarroyo_1.pdf", 
            "name": "Pi\u00e8ce d'identit\u00e9", 
            "composer": 2
        }
    }, 
    {
        "pk": 3, 
        "model": "compositeurs.administrativedocument", 
        "fields": {
            "document": "composers/ID_andreyev.pdf", 
            "name": "Pi\u00e8ce d'identit\u00e9", 
            "composer": 1
        }
    }, 
    {
        "pk": 1, 
        "model": "compositeurs.biographicelement", 
        "fields": {
            "text": "<p style=\"text-align: justify;\">Lisa  Streich, born in Norra R&aring;da, Sweden in 1985, studies composition at the  Hochschule f&uuml;r Musik und Tanz K&ouml;ln with Prof. Johannes Sch&ouml;llhorn. From  2007 to 2010 she studied composition and electroacoustic music at the  Royal College of Music in Stockholm with Prof. William Brunson. From  2005 to 2007 she studied church music and musicology at the University  of the Arts and at the Humboldt University both in Berlin. In 2008 she  studied with Prof. Adriana H&ouml;lszky at the Mozarteum in Salzburg, Austria  and with Prof. Michael Beil at the Hochschule f&uuml;r Musik Cologne as an  Erasmus scholarship student. In 2008 she was presented in the Newcomer  Werkstatt for Sound Arts on the Deutschlandradio Kultur. Her works have  been performed on stage in Sweden, Germany, Austria and France and have  been broadcast on German and Czech radio. In 2008 she was a finalist at  the MUSICA NOVA International Electroacoustic Music Competition in  Prague. 2009 she was a finalist of the<br />International Music Prizes for Excellence in Composition, Greece, Thessaloniki.</p>", 
            "type": 1, 
            "composer": 1
        }
    }, 
    {
        "pk": 1, 
        "model": "concours.competition", 
        "fields": {
            "subtitle": "Formation pratique \u00e0 l\u2019informatique musicale", 
            "title": "Ircam - Cursus 1 (2011)", 
            "url": "cursus1-2011", 
            "is_archived": false, 
            "information_date": "2011-05-01", 
            "additional_partners": [
                2
            ], 
            "closing_date": "2011-10-14", 
            "is_open": false, 
            "opening_date": "2011-07-01", 
            "result_date": "2011-10-31", 
            "managing_partner": 1, 
            "presentation": "<p>La formation pratique permet &agrave; une quinzaine de compositeurs &acirc;g&eacute;s de moins de 35 ans de s'initier et de r&eacute;fl&eacute;chir aux probl&eacute;matiques th&eacute;oriques et compositionnelles de l'informatique musicale. Intensive et &agrave; temps plein, elle aborde les domaines de la composition assist&eacute;e par ordinateur, du traitement du signal, de la synth&egrave;se sonore et de l'&eacute;criture de l'interaction. Des s&eacute;minaires de compositeurs invit&eacute;s articulent les apprentissages techniques dans une perspective compositionnelle. L'ann&eacute;e se termine par la r&eacute;alisation d'une &eacute;tude pour instrument soliste et dispositif &eacute;lectronique pr&eacute;sent&eacute;e lors d'un atelier en pr&eacute;sence de professionnels. &Agrave; l'issue de cette premi&egrave;re ann&eacute;e, le compositeur poss&egrave;de les bases n&eacute;cessaires pour se forger une vision compl&egrave;te du domaine, poursuivre l'apprentissage en autoformation et &eacute;valuer les dispositifs n&eacute;cessaires &agrave; la r&eacute;alisation de ses projets artistiques.</p>", 
            "is_published": false
        }
    }, 
    {
        "pk": 2, 
        "model": "concours.competition", 
        "fields": {
            "subtitle": "Programme de r\u00e9sidence de recherche musicale", 
            "title": "IRCAM - R\u00e9sidence Musicale (2011)", 
            "url": "residence-2011", 
            "is_archived": false, 
            "information_date": "2011-05-01", 
            "additional_partners": [], 
            "closing_date": "2011-09-30", 
            "is_open": false, 
            "opening_date": "2011-06-01", 
            "result_date": "2011-10-31", 
            "managing_partner": 1, 
            "presentation": "<p>Ce programme s&rsquo;adresse aux artistes compositeurs, jeunes professionnels ou &eacute;tudiants, qui souhaitent poursuivre leur projet de recherche au sein de l&rsquo;Ircam. Un comit&eacute; d'experts internationaux s&eacute;lectionne les candidats en se basant sur la qualit&eacute; du contenu scientifique et artistique des projets propos&eacute;s investissant le domaine des nouvelles technologies.<br /><br />Les candidats retenus b&eacute;n&eacute;ficient d'une r&eacute;sidence &agrave; l'Ircam (entre 3 et 6 mois). Ils sont associ&eacute;s &agrave; un projet et &agrave; une &eacute;quipe de l'institut, ce qui leur permet de&nbsp; travailler &eacute;troitement avec les laboratoires de recherche, d&rsquo;approfondir et d&rsquo;exp&eacute;rimenter leurs probl&eacute;matiques musicales et technologiques et de s'impliquer dans la vie intellectuelle de l'institut.<br />&Agrave; la fin de leur s&eacute;jour, ils sont invit&eacute;s &agrave; partager les r&eacute;sultats de leurs travaux avec l'ensemble de la communaut&eacute; internationale de la recherche musicale, sous forme de documentations et de pr&eacute;sentations publiques.</p>", 
            "is_published": false
        }
    }, 
    {
        "pk": 1, 
        "model": "concours.competitionmanager", 
        "fields": {
            "managed_competitions": [
                1
            ], 
            "user": 37
        }
    }, 
    {
        "pk": 2, 
        "model": "concours.competitionmanager", 
        "fields": {
            "managed_competitions": [
                2
            ], 
            "user": 38
        }
    }, 
    {
        "pk": 1, 
        "model": "concours.competitionstep", 
        "fields": {
            "closing_date": "2011-08-31", 
            "is_open": false, 
            "name": "Jury", 
            "competition": 2
        }
    }, 
    {
        "pk": 2, 
        "model": "concours.competitionstep", 
        "fields": {
            "closing_date": "2011-09-30", 
            "is_open": false, 
            "name": "Post-jury", 
            "competition": 2
        }
    }, 
    {
        "pk": 3, 
        "model": "concours.competitionstep", 
        "fields": {
            "closing_date": "2011-08-31", 
            "is_open": false, 
            "name": "Pr\u00e9-jury", 
            "competition": 1
        }
    }, 
    {
        "pk": 4, 
        "model": "concours.competitionstep", 
        "fields": {
            "closing_date": "2011-09-30", 
            "is_open": false, 
            "name": "Jury", 
            "competition": 1
        }
    }, 
    {
        "pk": 1, 
        "model": "concours.competitionnews", 
        "fields": {
            "date": "2011-04-06", 
            "text": "La date de cl\u00f4ture des candidatures est exceptionnellement report\u00e9e au 17 octobre 2011", 
            "competition": 1, 
            "title": "Date de cl\u00f4ture report\u00e9e"
        }
    }, 
    {
        "pk": 8, 
        "model": "concours.candidate", 
        "fields": {
            "competition": 1, 
            "composer": 1
        }
    }, 
    {
        "pk": 7, 
        "model": "concours.candidate", 
        "fields": {
            "competition": 1, 
            "composer": 2
        }
    }, 
    {
        "pk": 1, 
        "model": "concours.candidategroup", 
        "fields": {
            "members": [
                7, 
                8
            ], 
            "name": "Candidats commen\u00e7ant par 'A'", 
            "competition": 1
        }
    }, 
    {
        "pk": 1, 
        "model": "concours.jurymember", 
        "fields": {
            "jury": 1, 
            "competition": 1
        }
    }, 
    {
        "pk": 2, 
        "model": "concours.jurymember", 
        "fields": {
            "jury": 2, 
            "competition": 1
        }
    }, 
    {
        "pk": 4, 
        "model": "concours.jurymember", 
        "fields": {
            "jury": 3, 
            "competition": 1
        }
    }, 
    {
        "pk": 7, 
        "model": "concours.jurymember", 
        "fields": {
            "jury": 4, 
            "competition": 1
        }
    }, 
    {
        "pk": 6, 
        "model": "concours.jurymember", 
        "fields": {
            "jury": 5, 
            "competition": 1
        }
    }, 
    {
        "pk": 3, 
        "model": "concours.jurymember", 
        "fields": {
            "jury": 7, 
            "competition": 2
        }
    }, 
    {
        "pk": 2, 
        "model": "concours.evaluation", 
        "fields": {
            "jury_member": 1, 
            "candidate": 8, 
            "competition_step": 3
        }
    }, 
    {
        "pk": 3, 
        "model": "concours.evaluation", 
        "fields": {
            "jury_member": 2, 
            "candidate": 8, 
            "competition_step": 3
        }
    }, 
    {
        "pk": 4, 
        "model": "concours.evaluation", 
        "fields": {
            "jury_member": 4, 
            "candidate": 8, 
            "competition_step": 3
        }
    }, 
    {
        "pk": 5, 
        "model": "concours.evaluation", 
        "fields": {
            "jury_member": 6, 
            "candidate": 8, 
            "competition_step": 3
        }
    }, 
    {
        "pk": 6, 
        "model": "concours.evaluation", 
        "fields": {
            "jury_member": 1, 
            "candidate": 7, 
            "competition_step": 3
        }
    }, 
    {
        "pk": 7, 
        "model": "concours.candidatecursus1", 
        "fields": {
            "curriculum_vitae": "(\u00e0 renseigner)", 
            "motivation_letter": "(\u00e0 renseigner)", 
            "prices_and_distinctions": "(\u00e0 renseigner)", 
            "professional_experience": "(\u00e0 renseigner)", 
            "passport": 2, 
            "work1": 1, 
            "work2": 2
        }
    }, 
    {
        "pk": 8, 
        "model": "concours.candidatecursus1", 
        "fields": {
            "curriculum_vitae": "(\u00e0 renseigner)", 
            "motivation_letter": "(\u00e0 renseigner)", 
            "prices_and_distinctions": "(\u00e0 renseigner)", 
            "professional_experience": "(\u00e0 renseigner)", 
            "passport": 3, 
            "work1": 3, 
            "work2": 4
        }
    }, 
    {
        "pk": 2, 
        "model": "concours.evaluationcursus1prejury", 
        "fields": {
            "note": 8, 
            "yes": true, 
            "comments": "Tr\u00e8s bien"
        }
    }, 
    {
        "pk": 3, 
        "model": "concours.evaluationcursus1prejury", 
        "fields": {
            "note": 7, 
            "yes": true, 
            "comments": "Bien"
        }
    }, 
    {
        "pk": 4, 
        "model": "concours.evaluationcursus1prejury", 
        "fields": {
            "note": 6, 
            "yes": true, 
            "comments": "Assez bien"
        }
    }, 
    {
        "pk": 5, 
        "model": "concours.evaluationcursus1prejury", 
        "fields": {
            "note": 5, 
            "yes": false, 
            "comments": "Moyen"
        }
    }, 
    {
        "pk": 6, 
        "model": "concours.evaluationcursus1prejury", 
        "fields": {
            "note": 4, 
            "yes": false, 
            "comments": "Insuffisant"
        }
    }, 
    {
        "pk": 1, 
        "model": "residence.projecttopicarea", 
        "fields": {
            "name": "Computer aided orchestration"
        }
    }, 
    {
        "pk": 1, 
        "model": "residence.evaluationlevel", 
        "fields": {
            "note": 1, 
            "legend": "Very low"
        }
    }, 
    {
        "pk": 2, 
        "model": "residence.evaluationlevel", 
        "fields": {
            "note": 2, 
            "legend": "Low"
        }
    }, 
    {
        "pk": 3, 
        "model": "residence.evaluationlevel", 
        "fields": {
            "note": 3, 
            "legend": "Medium"
        }
    }, 
    {
        "pk": 4, 
        "model": "residence.evaluationlevel", 
        "fields": {
            "note": 4, 
            "legend": "High"
        }
    }, 
    {
        "pk": 5, 
        "model": "residence.evaluationlevel", 
        "fields": {
            "note": 5, 
            "legend": "Very high"
        }
    }, 
    {
        "pk": 1, 
        "model": "partenaires.partner", 
        "fields": {
            "url": "ircam", 
            "logo": "images/ircam.png", 
            "presentation": "<p><br />L'Ircam (Institut de recherche et coordination acoustique/musique) est un lieu de cr&eacute;ation musicale et de recherche scientifique pluridisciplinaire dans les domaines de l&rsquo;informatique et de l&rsquo;acoustique appliqu&eacute;s &agrave; la composition. L'Ircam assure &eacute;galement le d&eacute;veloppement de plusieurs logiciels issus de ses recherches et accueille chaque ann&eacute;e des compositeurs qui participent &eacute;troitement aux activit&eacute;s de recherche ou cr&eacute;ent des &oelig;uvres nouvelles utilisant les plus r&eacute;cents d&eacute;veloppements de la technologie musicale.</p>", 
            "name": "IRCAM"
        }
    }, 
    {
        "pk": 2, 
        "model": "partenaires.partner", 
        "fields": {
            "url": "eic", 
            "logo": "", 
            "presentation": "<p>L&rsquo;ensemble intercontemporain r&eacute;unit 31 solistes partageant une m&ecirc;me passion pour la musique du vingti&egrave;me si&egrave;cle &agrave; aujourd&rsquo;hui, et plac&eacute;s sous la direction musicale de Susanna M&auml;lkki. Ils collaborent, au c&ocirc;t&eacute; des compositeurs, &agrave; l&rsquo;exploration des techniques instrumentales ainsi qu&rsquo;&agrave; des projets associant musique, danse, th&eacute;&acirc;tre, cin&eacute;ma, vid&eacute;o et arts plastiques. Chaque ann&eacute;e, l&rsquo;Ensemble commande et joue de nouvelles &oelig;uvres, qui viennent enrichir son r&eacute;pertoire et s&rsquo;ajouter aux chefs-d&rsquo;&oelig;uvre du vingti&egrave;me si&egrave;cle. En r&eacute;sidence &agrave; la Cit&eacute; de la musique (Paris) depuis 1995, l&rsquo;Ensemble se produit et enregistre en France et &agrave; l&rsquo;&eacute;tranger o&ugrave; il est invit&eacute; par de grands festivals internationaux.</p>", 
            "name": "Ensemble Intercontemporain"
        }
    }, 
    {
        "pk": 1, 
        "model": "reference.citizenship", 
        "fields": {
            "name": "fran\u00e7aise"
        }
    }, 
    {
        "pk": 2, 
        "model": "reference.citizenship", 
        "fields": {
            "name": "am\u00e9ricaine"
        }
    }, 
    {
        "pk": 2, 
        "model": "reference.mediatype", 
        "fields": {
            "description": "", 
            "extension": "pdf"
        }
    }, 
    {
        "pk": 3, 
        "model": "reference.mediatype", 
        "fields": {
            "description": "", 
            "extension": "wav"
        }
    }, 
    {
        "pk": 1, 
        "model": "reference.biographicelementtype", 
        "fields": {
            "name": "CV", 
            "description": ""
        }
    }, 
    {
        "pk": 2, 
        "model": "reference.biographicelementtype", 
        "fields": {
            "name": "Distinctions & prix", 
            "description": ""
        }
    }, 
    {
        "pk": 1, 
        "model": "jury.jury", 
        "fields": {
            "phone": "", 
            "user": 33
        }
    }, 
    {
        "pk": 2, 
        "model": "jury.jury", 
        "fields": {
            "phone": "", 
            "user": 32
        }
    }, 
    {
        "pk": 3, 
        "model": "jury.jury", 
        "fields": {
            "phone": "", 
            "user": 35
        }
    }, 
    {
        "pk": 4, 
        "model": "jury.jury", 
        "fields": {
            "phone": "", 
            "user": 34
        }
    }, 
    {
        "pk": 5, 
        "model": "jury.jury", 
        "fields": {
            "phone": "", 
            "user": 37
        }
    }, 
    {
        "pk": 6, 
        "model": "jury.jury", 
        "fields": {
            "phone": "", 
            "user": 36
        }
    }, 
    {
        "pk": 7, 
        "model": "jury.jury", 
        "fields": {
            "phone": "", 
            "user": 38
        }
    }, 
    {
        "pk": 28, 
        "model": "south.migrationhistory", 
        "fields": {
            "applied": "2011-04-06 20:02:05", 
            "app_name": "partenaires", 
            "migration": "0001_initial"
        }
    }, 
    {
        "pk": 29, 
        "model": "south.migrationhistory", 
        "fields": {
            "applied": "2011-04-06 20:02:05", 
            "app_name": "partenaires", 
            "migration": "0002_auto__add_field_partner_url"
        }
    }, 
    {
        "pk": 30, 
        "model": "south.migrationhistory", 
        "fields": {
            "applied": "2011-04-06 20:02:05", 
            "app_name": "partenaires", 
            "migration": "0003_auto__chg_field_partner_url"
        }
    }, 
    {
        "pk": 31, 
        "model": "south.migrationhistory", 
        "fields": {
            "applied": "2011-04-06 20:02:05", 
            "app_name": "partenaires", 
            "migration": "0004_auto__chg_field_partner_url"
        }
    }, 
    {
        "pk": 32, 
        "model": "south.migrationhistory", 
        "fields": {
            "applied": "2011-04-06 20:02:29", 
            "app_name": "partenaires", 
            "migration": "0005_auto__chg_field_partner_url"
        }
    }, 
    {
        "pk": 22, 
        "model": "auth.permission", 
        "fields": {
            "codename": "add_logentry", 
            "name": "Can add log entry", 
            "content_type": 8
        }
    }, 
    {
        "pk": 23, 
        "model": "auth.permission", 
        "fields": {
            "codename": "change_logentry", 
            "name": "Can change log entry", 
            "content_type": 8
        }
    }, 
    {
        "pk": 24, 
        "model": "auth.permission", 
        "fields": {
            "codename": "delete_logentry", 
            "name": "Can delete log entry", 
            "content_type": 8
        }
    }, 
    {
        "pk": 4, 
        "model": "auth.permission", 
        "fields": {
            "codename": "add_group", 
            "name": "Can add group", 
            "content_type": 2
        }
    }, 
    {
        "pk": 5, 
        "model": "auth.permission", 
        "fields": {
            "codename": "change_group", 
            "name": "Can change group", 
            "content_type": 2
        }
    }, 
    {
        "pk": 6, 
        "model": "auth.permission", 
        "fields": {
            "codename": "delete_group", 
            "name": "Can delete group", 
            "content_type": 2
        }
    }, 
    {
        "pk": 10, 
        "model": "auth.permission", 
        "fields": {
            "codename": "add_message", 
            "name": "Can add message", 
            "content_type": 4
        }
    }, 
    {
        "pk": 11, 
        "model": "auth.permission", 
        "fields": {
            "codename": "change_message", 
            "name": "Can change message", 
            "content_type": 4
        }
    }, 
    {
        "pk": 12, 
        "model": "auth.permission", 
        "fields": {
            "codename": "delete_message", 
            "name": "Can delete message", 
            "content_type": 4
        }
    }, 
    {
        "pk": 1, 
        "model": "auth.permission", 
        "fields": {
            "codename": "add_permission", 
            "name": "Can add permission", 
            "content_type": 1
        }
    }, 
    {
        "pk": 2, 
        "model": "auth.permission", 
        "fields": {
            "codename": "change_permission", 
            "name": "Can change permission", 
            "content_type": 1
        }
    }, 
    {
        "pk": 3, 
        "model": "auth.permission", 
        "fields": {
            "codename": "delete_permission", 
            "name": "Can delete permission", 
            "content_type": 1
        }
    }, 
    {
        "pk": 7, 
        "model": "auth.permission", 
        "fields": {
            "codename": "add_user", 
            "name": "Can add user", 
            "content_type": 3
        }
    }, 
    {
        "pk": 8, 
        "model": "auth.permission", 
        "fields": {
            "codename": "change_user", 
            "name": "Can change user", 
            "content_type": 3
        }
    }, 
    {
        "pk": 9, 
        "model": "auth.permission", 
        "fields": {
            "codename": "delete_user", 
            "name": "Can delete user", 
            "content_type": 3
        }
    }, 
    {
        "pk": 145, 
        "model": "auth.permission", 
        "fields": {
            "codename": "add_administrativedocument", 
            "name": "Can add document administratif", 
            "content_type": 49
        }
    }, 
    {
        "pk": 146, 
        "model": "auth.permission", 
        "fields": {
            "codename": "change_administrativedocument", 
            "name": "Can change document administratif", 
            "content_type": 49
        }
    }, 
    {
        "pk": 147, 
        "model": "auth.permission", 
        "fields": {
            "codename": "delete_administrativedocument", 
            "name": "Can delete document administratif", 
            "content_type": 49
        }
    }, 
    {
        "pk": 31, 
        "model": "auth.permission", 
        "fields": {
            "codename": "add_biographicelement", 
            "name": "Can add \u00e9l\u00e9ment biographique", 
            "content_type": 11
        }
    }, 
    {
        "pk": 32, 
        "model": "auth.permission", 
        "fields": {
            "codename": "change_biographicelement", 
            "name": "Can change \u00e9l\u00e9ment biographique", 
            "content_type": 11
        }
    }, 
    {
        "pk": 33, 
        "model": "auth.permission", 
        "fields": {
            "codename": "delete_biographicelement", 
            "name": "Can delete \u00e9l\u00e9ment biographique", 
            "content_type": 11
        }
    }, 
    {
        "pk": 25, 
        "model": "auth.permission", 
        "fields": {
            "codename": "add_composer", 
            "name": "Can add compositeur", 
            "content_type": 9
        }
    }, 
    {
        "pk": 26, 
        "model": "auth.permission", 
        "fields": {
            "codename": "change_composer", 
            "name": "Can change compositeur", 
            "content_type": 9
        }
    }, 
    {
        "pk": 27, 
        "model": "auth.permission", 
        "fields": {
            "codename": "delete_composer", 
            "name": "Can delete compositeur", 
            "content_type": 9
        }
    }, 
    {
        "pk": 142, 
        "model": "auth.permission", 
        "fields": {
            "codename": "add_work", 
            "name": "Can add oeuvre", 
            "content_type": 48
        }
    }, 
    {
        "pk": 143, 
        "model": "auth.permission", 
        "fields": {
            "codename": "change_work", 
            "name": "Can change oeuvre", 
            "content_type": 48
        }
    }, 
    {
        "pk": 144, 
        "model": "auth.permission", 
        "fields": {
            "codename": "delete_work", 
            "name": "Can delete oeuvre", 
            "content_type": 48
        }
    }, 
    {
        "pk": 52, 
        "model": "auth.permission", 
        "fields": {
            "codename": "add_candidate", 
            "name": "Can add candidat", 
            "content_type": 18
        }
    }, 
    {
        "pk": 53, 
        "model": "auth.permission", 
        "fields": {
            "codename": "change_candidate", 
            "name": "Can change candidat", 
            "content_type": 18
        }
    }, 
    {
        "pk": 54, 
        "model": "auth.permission", 
        "fields": {
            "codename": "delete_candidate", 
            "name": "Can delete candidat", 
            "content_type": 18
        }
    }, 
    {
        "pk": 118, 
        "model": "auth.permission", 
        "fields": {
            "codename": "add_candidatecursus1", 
            "name": "Can add candidate cursus1", 
            "content_type": 40
        }
    }, 
    {
        "pk": 119, 
        "model": "auth.permission", 
        "fields": {
            "codename": "change_candidatecursus1", 
            "name": "Can change candidate cursus1", 
            "content_type": 40
        }
    }, 
    {
        "pk": 120, 
        "model": "auth.permission", 
        "fields": {
            "codename": "delete_candidatecursus1", 
            "name": "Can delete candidate cursus1", 
            "content_type": 40
        }
    }, 
    {
        "pk": 55, 
        "model": "auth.permission", 
        "fields": {
            "codename": "add_candidategroup", 
            "name": "Can add groupe de candidat", 
            "content_type": 19
        }
    }, 
    {
        "pk": 56, 
        "model": "auth.permission", 
        "fields": {
            "codename": "change_candidategroup", 
            "name": "Can change groupe de candidat", 
            "content_type": 19
        }
    }, 
    {
        "pk": 57, 
        "model": "auth.permission", 
        "fields": {
            "codename": "delete_candidategroup", 
            "name": "Can delete groupe de candidat", 
            "content_type": 19
        }
    }, 
    {
        "pk": 127, 
        "model": "auth.permission", 
        "fields": {
            "codename": "add_candidateresidence", 
            "name": "Can add candidate residence", 
            "content_type": 43
        }
    }, 
    {
        "pk": 128, 
        "model": "auth.permission", 
        "fields": {
            "codename": "change_candidateresidence", 
            "name": "Can change candidate residence", 
            "content_type": 43
        }
    }, 
    {
        "pk": 129, 
        "model": "auth.permission", 
        "fields": {
            "codename": "delete_candidateresidence", 
            "name": "Can delete candidate residence", 
            "content_type": 43
        }
    }, 
    {
        "pk": 40, 
        "model": "auth.permission", 
        "fields": {
            "codename": "add_competition", 
            "name": "Can add concours", 
            "content_type": 14
        }
    }, 
    {
        "pk": 41, 
        "model": "auth.permission", 
        "fields": {
            "codename": "change_competition", 
            "name": "Can change concours", 
            "content_type": 14
        }
    }, 
    {
        "pk": 42, 
        "model": "auth.permission", 
        "fields": {
            "codename": "delete_competition", 
            "name": "Can delete concours", 
            "content_type": 14
        }
    }, 
    {
        "pk": 43, 
        "model": "auth.permission", 
        "fields": {
            "codename": "add_competitionmanager", 
            "name": "Can add gestionnaire de concours", 
            "content_type": 15
        }
    }, 
    {
        "pk": 44, 
        "model": "auth.permission", 
        "fields": {
            "codename": "change_competitionmanager", 
            "name": "Can change gestionnaire de concours", 
            "content_type": 15
        }
    }, 
    {
        "pk": 45, 
        "model": "auth.permission", 
        "fields": {
            "codename": "delete_competitionmanager", 
            "name": "Can delete gestionnaire de concours", 
            "content_type": 15
        }
    }, 
    {
        "pk": 49, 
        "model": "auth.permission", 
        "fields": {
            "codename": "add_competitionnews", 
            "name": "Can add actualit\u00e9 concours", 
            "content_type": 17
        }
    }, 
    {
        "pk": 50, 
        "model": "auth.permission", 
        "fields": {
            "codename": "change_competitionnews", 
            "name": "Can change actualit\u00e9 concours", 
            "content_type": 17
        }
    }, 
    {
        "pk": 51, 
        "model": "auth.permission", 
        "fields": {
            "codename": "delete_competitionnews", 
            "name": "Can delete actualit\u00e9 concours", 
            "content_type": 17
        }
    }, 
    {
        "pk": 46, 
        "model": "auth.permission", 
        "fields": {
            "codename": "add_competitionstep", 
            "name": "Can add \u00e9tape du concours", 
            "content_type": 16
        }
    }, 
    {
        "pk": 47, 
        "model": "auth.permission", 
        "fields": {
            "codename": "change_competitionstep", 
            "name": "Can change \u00e9tape du concours", 
            "content_type": 16
        }
    }, 
    {
        "pk": 48, 
        "model": "auth.permission", 
        "fields": {
            "codename": "delete_competitionstep", 
            "name": "Can delete \u00e9tape du concours", 
            "content_type": 16
        }
    }, 
    {
        "pk": 61, 
        "model": "auth.permission", 
        "fields": {
            "codename": "add_evaluation", 
            "name": "Can add \u00e9valuation", 
            "content_type": 21
        }
    }, 
    {
        "pk": 62, 
        "model": "auth.permission", 
        "fields": {
            "codename": "change_evaluation", 
            "name": "Can change \u00e9valuation", 
            "content_type": 21
        }
    }, 
    {
        "pk": 63, 
        "model": "auth.permission", 
        "fields": {
            "codename": "delete_evaluation", 
            "name": "Can delete \u00e9valuation", 
            "content_type": 21
        }
    }, 
    {
        "pk": 124, 
        "model": "auth.permission", 
        "fields": {
            "codename": "add_evaluationcursus1jury", 
            "name": "Can add \u00e9valuation \u00e9tape 'jury'", 
            "content_type": 42
        }
    }, 
    {
        "pk": 125, 
        "model": "auth.permission", 
        "fields": {
            "codename": "change_evaluationcursus1jury", 
            "name": "Can change \u00e9valuation \u00e9tape 'jury'", 
            "content_type": 42
        }
    }, 
    {
        "pk": 126, 
        "model": "auth.permission", 
        "fields": {
            "codename": "delete_evaluationcursus1jury", 
            "name": "Can delete \u00e9valuation \u00e9tape 'jury'", 
            "content_type": 42
        }
    }, 
    {
        "pk": 121, 
        "model": "auth.permission", 
        "fields": {
            "codename": "add_evaluationcursus1prejury", 
            "name": "Can add \u00e9valuation \u00e9tape 'pr\u00e9-jury'", 
            "content_type": 41
        }
    }, 
    {
        "pk": 122, 
        "model": "auth.permission", 
        "fields": {
            "codename": "change_evaluationcursus1prejury", 
            "name": "Can change \u00e9valuation \u00e9tape 'pr\u00e9-jury'", 
            "content_type": 41
        }
    }, 
    {
        "pk": 123, 
        "model": "auth.permission", 
        "fields": {
            "codename": "delete_evaluationcursus1prejury", 
            "name": "Can delete \u00e9valuation \u00e9tape 'pr\u00e9-jury'", 
            "content_type": 41
        }
    }, 
    {
        "pk": 130, 
        "model": "auth.permission", 
        "fields": {
            "codename": "add_evaluationresidencejury", 
            "name": "Can add \u00e9valuation \u00e9tape 'jury'", 
            "content_type": 44
        }
    }, 
    {
        "pk": 131, 
        "model": "auth.permission", 
        "fields": {
            "codename": "change_evaluationresidencejury", 
            "name": "Can change \u00e9valuation \u00e9tape 'jury'", 
            "content_type": 44
        }
    }, 
    {
        "pk": 132, 
        "model": "auth.permission", 
        "fields": {
            "codename": "delete_evaluationresidencejury", 
            "name": "Can delete \u00e9valuation \u00e9tape 'jury'", 
            "content_type": 44
        }
    }, 
    {
        "pk": 133, 
        "model": "auth.permission", 
        "fields": {
            "codename": "add_evaluationresidencepostjury", 
            "name": "Can add \u00e9valuation \u00e9tape 'post-jury'", 
            "content_type": 45
        }
    }, 
    {
        "pk": 134, 
        "model": "auth.permission", 
        "fields": {
            "codename": "change_evaluationresidencepostjury", 
            "name": "Can change \u00e9valuation \u00e9tape 'post-jury'", 
            "content_type": 45
        }
    }, 
    {
        "pk": 135, 
        "model": "auth.permission", 
        "fields": {
            "codename": "delete_evaluationresidencepostjury", 
            "name": "Can delete \u00e9valuation \u00e9tape 'post-jury'", 
            "content_type": 45
        }
    }, 
    {
        "pk": 91, 
        "model": "auth.permission", 
        "fields": {
            "codename": "add_jurymember", 
            "name": "Can add membre du jury", 
            "content_type": 31
        }
    }, 
    {
        "pk": 92, 
        "model": "auth.permission", 
        "fields": {
            "codename": "change_jurymember", 
            "name": "Can change membre du jury", 
            "content_type": 31
        }
    }, 
    {
        "pk": 93, 
        "model": "auth.permission", 
        "fields": {
            "codename": "delete_jurymember", 
            "name": "Can delete membre du jury", 
            "content_type": 31
        }
    }, 
    {
        "pk": 58, 
        "model": "auth.permission", 
        "fields": {
            "codename": "add_jurymembergroup", 
            "name": "Can add groupe de membres du jury", 
            "content_type": 20
        }
    }, 
    {
        "pk": 59, 
        "model": "auth.permission", 
        "fields": {
            "codename": "change_jurymembergroup", 
            "name": "Can change groupe de membres du jury", 
            "content_type": 20
        }
    }, 
    {
        "pk": 60, 
        "model": "auth.permission", 
        "fields": {
            "codename": "delete_jurymembergroup", 
            "name": "Can delete groupe de membres du jury", 
            "content_type": 20
        }
    }, 
    {
        "pk": 106, 
        "model": "auth.permission", 
        "fields": {
            "codename": "add_candidate", 
            "name": "Can add candidate", 
            "content_type": 36
        }
    }, 
    {
        "pk": 107, 
        "model": "auth.permission", 
        "fields": {
            "codename": "change_candidate", 
            "name": "Can change candidate", 
            "content_type": 36
        }
    }, 
    {
        "pk": 108, 
        "model": "auth.permission", 
        "fields": {
            "codename": "delete_candidate", 
            "name": "Can delete candidate", 
            "content_type": 36
        }
    }, 
    {
        "pk": 13, 
        "model": "auth.permission", 
        "fields": {
            "codename": "add_contenttype", 
            "name": "Can add content type", 
            "content_type": 5
        }
    }, 
    {
        "pk": 14, 
        "model": "auth.permission", 
        "fields": {
            "codename": "change_contenttype", 
            "name": "Can change content type", 
            "content_type": 5
        }
    }, 
    {
        "pk": 15, 
        "model": "auth.permission", 
        "fields": {
            "codename": "delete_contenttype", 
            "name": "Can delete content type", 
            "content_type": 5
        }
    }, 
    {
        "pk": 109, 
        "model": "auth.permission", 
        "fields": {
            "codename": "add_candidate", 
            "name": "Can add candidate", 
            "content_type": 37
        }
    }, 
    {
        "pk": 110, 
        "model": "auth.permission", 
        "fields": {
            "codename": "change_candidate", 
            "name": "Can change candidate", 
            "content_type": 37
        }
    }, 
    {
        "pk": 111, 
        "model": "auth.permission", 
        "fields": {
            "codename": "delete_candidate", 
            "name": "Can delete candidate", 
            "content_type": 37
        }
    }, 
    {
        "pk": 94, 
        "model": "auth.permission", 
        "fields": {
            "codename": "add_jury", 
            "name": "Can add jury", 
            "content_type": 32
        }
    }, 
    {
        "pk": 95, 
        "model": "auth.permission", 
        "fields": {
            "codename": "change_jury", 
            "name": "Can change jury", 
            "content_type": 32
        }
    }, 
    {
        "pk": 96, 
        "model": "auth.permission", 
        "fields": {
            "codename": "delete_jury", 
            "name": "Can delete jury", 
            "content_type": 32
        }
    }, 
    {
        "pk": 64, 
        "model": "auth.permission", 
        "fields": {
            "codename": "add_partner", 
            "name": "Can add partenaire", 
            "content_type": 22
        }
    }, 
    {
        "pk": 65, 
        "model": "auth.permission", 
        "fields": {
            "codename": "change_partner", 
            "name": "Can change partenaire", 
            "content_type": 22
        }
    }, 
    {
        "pk": 66, 
        "model": "auth.permission", 
        "fields": {
            "codename": "delete_partner", 
            "name": "Can delete partenaire", 
            "content_type": 22
        }
    }, 
    {
        "pk": 79, 
        "model": "auth.permission", 
        "fields": {
            "codename": "add_biographicelementtype", 
            "name": "Can add type d'\u00e9l\u00e9ment biographique", 
            "content_type": 27
        }
    }, 
    {
        "pk": 80, 
        "model": "auth.permission", 
        "fields": {
            "codename": "change_biographicelementtype", 
            "name": "Can change type d'\u00e9l\u00e9ment biographique", 
            "content_type": 27
        }
    }, 
    {
        "pk": 81, 
        "model": "auth.permission", 
        "fields": {
            "codename": "delete_biographicelementtype", 
            "name": "Can delete type d'\u00e9l\u00e9ment biographique", 
            "content_type": 27
        }
    }, 
    {
        "pk": 67, 
        "model": "auth.permission", 
        "fields": {
            "codename": "add_citizenship", 
            "name": "Can add nationalit\u00e9", 
            "content_type": 23
        }
    }, 
    {
        "pk": 68, 
        "model": "auth.permission", 
        "fields": {
            "codename": "change_citizenship", 
            "name": "Can change nationalit\u00e9", 
            "content_type": 23
        }
    }, 
    {
        "pk": 69, 
        "model": "auth.permission", 
        "fields": {
            "codename": "delete_citizenship", 
            "name": "Can delete nationalit\u00e9", 
            "content_type": 23
        }
    }, 
    {
        "pk": 70, 
        "model": "auth.permission", 
        "fields": {
            "codename": "add_mediatype", 
            "name": "Can add type de m\u00e9dia", 
            "content_type": 24
        }
    }, 
    {
        "pk": 71, 
        "model": "auth.permission", 
        "fields": {
            "codename": "change_mediatype", 
            "name": "Can change type de m\u00e9dia", 
            "content_type": 24
        }
    }, 
    {
        "pk": 72, 
        "model": "auth.permission", 
        "fields": {
            "codename": "delete_mediatype", 
            "name": "Can delete type de m\u00e9dia", 
            "content_type": 24
        }
    }, 
    {
        "pk": 139, 
        "model": "auth.permission", 
        "fields": {
            "codename": "add_evaluationlevel", 
            "name": "Can add evaluation level", 
            "content_type": 47
        }
    }, 
    {
        "pk": 140, 
        "model": "auth.permission", 
        "fields": {
            "codename": "change_evaluationlevel", 
            "name": "Can change evaluation level", 
            "content_type": 47
        }
    }, 
    {
        "pk": 141, 
        "model": "auth.permission", 
        "fields": {
            "codename": "delete_evaluationlevel", 
            "name": "Can delete evaluation level", 
            "content_type": 47
        }
    }, 
    {
        "pk": 136, 
        "model": "auth.permission", 
        "fields": {
            "codename": "add_projecttopicarea", 
            "name": "Can add topic area", 
            "content_type": 46
        }
    }, 
    {
        "pk": 137, 
        "model": "auth.permission", 
        "fields": {
            "codename": "change_projecttopicarea", 
            "name": "Can change topic area", 
            "content_type": 46
        }
    }, 
    {
        "pk": 138, 
        "model": "auth.permission", 
        "fields": {
            "codename": "delete_projecttopicarea", 
            "name": "Can delete topic area", 
            "content_type": 46
        }
    }, 
    {
        "pk": 16, 
        "model": "auth.permission", 
        "fields": {
            "codename": "add_session", 
            "name": "Can add session", 
            "content_type": 6
        }
    }, 
    {
        "pk": 17, 
        "model": "auth.permission", 
        "fields": {
            "codename": "change_session", 
            "name": "Can change session", 
            "content_type": 6
        }
    }, 
    {
        "pk": 18, 
        "model": "auth.permission", 
        "fields": {
            "codename": "delete_session", 
            "name": "Can delete session", 
            "content_type": 6
        }
    }, 
    {
        "pk": 19, 
        "model": "auth.permission", 
        "fields": {
            "codename": "add_site", 
            "name": "Can add site", 
            "content_type": 7
        }
    }, 
    {
        "pk": 20, 
        "model": "auth.permission", 
        "fields": {
            "codename": "change_site", 
            "name": "Can change site", 
            "content_type": 7
        }
    }, 
    {
        "pk": 21, 
        "model": "auth.permission", 
        "fields": {
            "codename": "delete_site", 
            "name": "Can delete site", 
            "content_type": 7
        }
    }, 
    {
        "pk": 76, 
        "model": "auth.permission", 
        "fields": {
            "codename": "add_migrationhistory", 
            "name": "Can add migration history", 
            "content_type": 26
        }
    }, 
    {
        "pk": 77, 
        "model": "auth.permission", 
        "fields": {
            "codename": "change_migrationhistory", 
            "name": "Can change migration history", 
            "content_type": 26
        }
    }, 
    {
        "pk": 78, 
        "model": "auth.permission", 
        "fields": {
            "codename": "delete_migrationhistory", 
            "name": "Can delete migration history", 
            "content_type": 26
        }
    }, 
    {
        "pk": 1, 
        "model": "auth.user", 
        "fields": {
            "username": "thomas", 
            "first_name": "", 
            "last_name": "", 
            "is_active": true, 
            "is_superuser": true, 
            "is_staff": true, 
            "last_login": "2011-04-06 19:00:36", 
            "groups": [], 
            "user_permissions": [], 
            "password": "sha1$b97b7$be9871242216f459964faa142718f3d5e846fc42", 
            "email": "petillon@topic.fr", 
            "date_joined": "2011-04-04 15:38:04"
        }
    }, 
    {
        "pk": 17, 
        "model": "auth.user", 
        "fields": {
            "username": "samuel.andreyev", 
            "first_name": "Samuel", 
            "last_name": "Andreyev", 
            "is_active": true, 
            "is_superuser": false, 
            "is_staff": false, 
            "last_login": "2011-04-04 17:51:19", 
            "groups": [], 
            "user_permissions": [], 
            "password": "123456", 
            "email": "mail@ulysse-test.fr", 
            "date_joined": "2011-04-04 17:51:19"
        }
    }, 
    {
        "pk": 18, 
        "model": "auth.user", 
        "fields": {
            "username": "juan.arroyo", 
            "first_name": "Juan", 
            "last_name": "Arroyo", 
            "is_active": true, 
            "is_superuser": false, 
            "is_staff": false, 
            "last_login": "2011-04-04 17:55:50", 
            "groups": [], 
            "user_permissions": [], 
            "password": "123456", 
            "email": "mail@ulysse-test.fr", 
            "date_joined": "2011-04-04 17:55:50"
        }
    }, 
    {
        "pk": 19, 
        "model": "auth.user", 
        "fields": {
            "username": "maxime.chandelier", 
            "first_name": "Maxime", 
            "last_name": "Chandelier", 
            "is_active": true, 
            "is_superuser": false, 
            "is_staff": false, 
            "last_login": "2011-04-04 17:57:10", 
            "groups": [], 
            "user_permissions": [], 
            "password": "123456", 
            "email": "mail@ulysse-test.fr", 
            "date_joined": "2011-04-04 17:57:10"
        }
    }, 
    {
        "pk": 20, 
        "model": "auth.user", 
        "fields": {
            "username": "laurent.durupt", 
            "first_name": "Laurent", 
            "last_name": "Durupt", 
            "is_active": true, 
            "is_superuser": false, 
            "is_staff": false, 
            "last_login": "2011-04-04 17:58:22", 
            "groups": [], 
            "user_permissions": [], 
            "password": "123456", 
            "email": "mail@ulysse-test.fr", 
            "date_joined": "2011-04-04 17:58:22"
        }
    }, 
    {
        "pk": 21, 
        "model": "auth.user", 
        "fields": {
            "username": "evan.gardner", 
            "first_name": "Evan", 
            "last_name": "Gardner", 
            "is_active": true, 
            "is_superuser": false, 
            "is_staff": false, 
            "last_login": "2011-04-04 18:01:31", 
            "groups": [], 
            "user_permissions": [], 
            "password": "123456", 
            "email": "mail@ulysse-test.fr", 
            "date_joined": "2011-04-04 18:01:31"
        }
    }, 
    {
        "pk": 22, 
        "model": "auth.user", 
        "fields": {
            "username": "elvira.garifzyanova", 
            "first_name": "Elvira", 
            "last_name": "Garifzyanova", 
            "is_active": true, 
            "is_superuser": false, 
            "is_staff": false, 
            "last_login": "2011-04-04 18:02:38", 
            "groups": [], 
            "user_permissions": [], 
            "password": "123456", 
            "email": "mail@ulysse-test.fr", 
            "date_joined": "2011-04-04 18:02:38"
        }
    }, 
    {
        "pk": 23, 
        "model": "auth.user", 
        "fields": {
            "username": "heera.kim", 
            "first_name": "Heera", 
            "last_name": "Kim", 
            "is_active": true, 
            "is_superuser": false, 
            "is_staff": false, 
            "last_login": "2011-04-04 18:03:50", 
            "groups": [], 
            "user_permissions": [], 
            "password": "123456", 
            "email": "mail@ulysse-test.fr", 
            "date_joined": "2011-04-04 18:03:50"
        }
    }, 
    {
        "pk": 24, 
        "model": "auth.user", 
        "fields": {
            "username": "adam.maor", 
            "first_name": "Adam", 
            "last_name": "Maor", 
            "is_active": true, 
            "is_superuser": false, 
            "is_staff": false, 
            "last_login": "2011-04-04 18:04:54", 
            "groups": [], 
            "user_permissions": [], 
            "password": "123456", 
            "email": "mail@ulysse-test.fr", 
            "date_joined": "2011-04-04 18:04:54"
        }
    }, 
    {
        "pk": 25, 
        "model": "auth.user", 
        "fields": {
            "username": "keita.matsumiya", 
            "first_name": "Keita", 
            "last_name": "Matsumiya", 
            "is_active": true, 
            "is_superuser": false, 
            "is_staff": false, 
            "last_login": "2011-04-04 18:05:37", 
            "groups": [], 
            "user_permissions": [], 
            "password": "123456", 
            "email": "mail@ulysse-test.fr", 
            "date_joined": "2011-04-04 18:05:37"
        }
    }, 
    {
        "pk": 26, 
        "model": "auth.user", 
        "fields": {
            "username": "vittorio.montalti", 
            "first_name": "Vittorio", 
            "last_name": "Montalti", 
            "is_active": true, 
            "is_superuser": false, 
            "is_staff": false, 
            "last_login": "2011-04-04 18:07:31", 
            "groups": [], 
            "user_permissions": [], 
            "password": "123456", 
            "email": "mail@ulysse-test.fr", 
            "date_joined": "2011-04-04 18:07:31"
        }
    }, 
    {
        "pk": 27, 
        "model": "auth.user", 
        "fields": {
            "username": "diana.soh", 
            "first_name": "Diana Li Ling", 
            "last_name": "Soh", 
            "is_active": true, 
            "is_superuser": false, 
            "is_staff": false, 
            "last_login": "2011-04-04 18:09:01", 
            "groups": [], 
            "user_permissions": [], 
            "password": "123456", 
            "email": "mail@ulysse-test.fr", 
            "date_joined": "2011-04-04 18:09:01"
        }
    }, 
    {
        "pk": 28, 
        "model": "auth.user", 
        "fields": {
            "username": "marcin.stanczyk", 
            "first_name": "Marcin", 
            "last_name": "Stanczyk", 
            "is_active": true, 
            "is_superuser": false, 
            "is_staff": false, 
            "last_login": "2011-04-04 18:10:17", 
            "groups": [], 
            "user_permissions": [], 
            "password": "123456", 
            "email": "mail@ulysse-test.fr", 
            "date_joined": "2011-04-04 18:10:17"
        }
    }, 
    {
        "pk": 29, 
        "model": "auth.user", 
        "fields": {
            "username": "lisa.streich", 
            "first_name": "Lisa", 
            "last_name": "Streich", 
            "is_active": true, 
            "is_superuser": false, 
            "is_staff": false, 
            "last_login": "2011-04-04 18:11:18", 
            "groups": [], 
            "user_permissions": [], 
            "password": "123456", 
            "email": "mail@ulysse-test.fr", 
            "date_joined": "2011-04-04 18:11:18"
        }
    }, 
    {
        "pk": 30, 
        "model": "auth.user", 
        "fields": {
            "username": "christopher.swithinbank", 
            "first_name": "Christopher", 
            "last_name": "Swithinbank", 
            "is_active": true, 
            "is_superuser": false, 
            "is_staff": false, 
            "last_login": "2011-04-04 18:12:18", 
            "groups": [], 
            "user_permissions": [], 
            "password": "123456", 
            "email": "mail@ulysse-test.fr", 
            "date_joined": "2011-04-04 18:12:18"
        }
    }, 
    {
        "pk": 31, 
        "model": "auth.user", 
        "fields": {
            "username": "ying.wang", 
            "first_name": "Ying", 
            "last_name": "Wang", 
            "is_active": true, 
            "is_superuser": false, 
            "is_staff": false, 
            "last_login": "2011-04-04 18:13:28", 
            "groups": [], 
            "user_permissions": [], 
            "password": "123456", 
            "email": "mail@ulysse-test.fr", 
            "date_joined": "2011-04-04 18:13:28"
        }
    }, 
    {
        "pk": 32, 
        "model": "auth.user", 
        "fields": {
            "username": "yan.maresz", 
            "first_name": "Yan", 
            "last_name": "Maresz", 
            "is_active": true, 
            "is_superuser": false, 
            "is_staff": true, 
            "last_login": "2011-04-05 13:19:07", 
            "groups": [], 
            "user_permissions": [], 
            "password": "sha1$46509$1a933f0cbda03101acd04dd7ce13a0237a89add4", 
            "email": "", 
            "date_joined": "2011-04-05 13:19:07"
        }
    }, 
    {
        "pk": 33, 
        "model": "auth.user", 
        "fields": {
            "username": "frederic.durieux", 
            "first_name": "Fr\u00e9d\u00e9ric", 
            "last_name": "Durieux", 
            "is_active": true, 
            "is_superuser": false, 
            "is_staff": true, 
            "last_login": "2011-04-05 13:19:39", 
            "groups": [], 
            "user_permissions": [], 
            "password": "sha1$5765c$2754d18d8e0d05c3fcca1030c260aed87c6cc55e", 
            "email": "", 
            "date_joined": "2011-04-05 13:19:39"
        }
    }, 
    {
        "pk": 34, 
        "model": "auth.user", 
        "fields": {
            "username": "brice.pauset", 
            "first_name": "Brice", 
            "last_name": "Pauset", 
            "is_active": true, 
            "is_superuser": false, 
            "is_staff": true, 
            "last_login": "2011-04-05 13:20:07", 
            "groups": [], 
            "user_permissions": [], 
            "password": "sha1$9822f$9b8d106ff86ed62d9ff7d7b14379ebd3660bce72", 
            "email": "", 
            "date_joined": "2011-04-05 13:20:07"
        }
    }, 
    {
        "pk": 35, 
        "model": "auth.user", 
        "fields": {
            "username": "brice.martin", 
            "first_name": "Brice", 
            "last_name": "Martin", 
            "is_active": true, 
            "is_superuser": false, 
            "is_staff": true, 
            "last_login": "2011-04-05 13:20:30", 
            "groups": [], 
            "user_permissions": [], 
            "password": "sha1$6a0ae$f99debfc4e345923d3cc9306312da4e221187730", 
            "email": "", 
            "date_joined": "2011-04-05 13:20:30"
        }
    }, 
    {
        "pk": 36, 
        "model": "auth.user", 
        "fields": {
            "username": "frank.madlener", 
            "first_name": "Frank", 
            "last_name": "Madlener", 
            "is_active": true, 
            "is_superuser": false, 
            "is_staff": true, 
            "last_login": "2011-04-05 13:20:53", 
            "groups": [], 
            "user_permissions": [], 
            "password": "sha1$9ea41$92b2d6a3bd228daf07cec9321db65c838f5ed489", 
            "email": "", 
            "date_joined": "2011-04-05 13:20:53"
        }
    }, 
    {
        "pk": 37, 
        "model": "auth.user", 
        "fields": {
            "username": "cyril.beros", 
            "first_name": "Cyril", 
            "last_name": "Beros", 
            "is_active": true, 
            "is_superuser": false, 
            "is_staff": true, 
            "last_login": "2011-04-05 13:21:17", 
            "groups": [], 
            "user_permissions": [], 
            "password": "sha1$bcd74$07a1868cd1caa75c8aca87e7e0b82d9d95c6c621", 
            "email": "", 
            "date_joined": "2011-04-05 13:21:17"
        }
    }, 
    {
        "pk": 38, 
        "model": "auth.user", 
        "fields": {
            "username": "arshia.cont", 
            "first_name": "Arshia", 
            "last_name": "Cont", 
            "is_active": true, 
            "is_superuser": false, 
            "is_staff": true, 
            "last_login": "2011-04-05 13:25:55", 
            "groups": [], 
            "user_permissions": [], 
            "password": "sha1$beecb$b28763caecc897666b55df3e38380153c729f1d3", 
            "email": "", 
            "date_joined": "2011-04-05 13:25:55"
        }
    }
]